brand_name,aliases,peta,leaping_bunny,parent_company,parent_peta,parent_lb,parent_sells_china,parent_status,cf_verdict,notes,confidence
:AM CLEANING,:AM CLEANING YYC,FALSE,TRUE,Independent,,,no,independent,certified-clean,"Solo founder Mariya Podeyko, Calgary AB. Plant-based cleaning products; LB certified.",medium
.kc. by keracare,kc. by keracare,TRUE,FALSE,Avlon Industries,yes,,no,ok,certified-clean,"Avlon Industries (Syed family, Melrose Park IL, est. 1984). Independent, family-owned. PETA also lists KeraCare (Avlon) separately. No China distribution found.",high
'Ôrəbella,Orebella,TRUE,TRUE,BKH Essential LLC,,,no,independent,certified-clean,BKH Essential LLC owned by Bella Hadid. Both PETA + LB certified. No China retail.,high
"""Yes She Will!"" Organics®",Yes She Will! Organics,FALSE,TRUE,Independent,,,no,independent,certified-clean,Indie hair/lash/beard growth line. LB certified. No corporate parent found.,medium
[ p H 7 ],pH7 Beauty; pH7 Nail Couture,FALSE,TRUE,PH7 Beauty of Fort Greene Inc,,,no,independent,certified-clean,"Founded by Cici Huang & Helen Ke, Brooklyn NY. Eco nail salon turned product line. NY corp #5200978. LB certified.",high
@andreabellezanatural_osorno,Andrea Belleza Natural Osorno,TRUE,FALSE,Independent,,,no,independent,certified-clean,"Micro-brand or sole trader in Osorno, Chile. PETA brand name is their Instagram handle. Very limited web presence.",low
@BambuuBrush,BambuuBrush®,TRUE,FALSE,Independent,,,no,independent,certified-clean,"Founded 2019 by Tommie Eaton & Rebecca Dudbridge, UK. B Corp certified. 7.5M+ bamboo toothbrushes sold. No China retail.",high
& Smile Tablets,Smile Tablets; andsmile,TRUE,FALSE,Independent,,,no,independent,needs-review,UK oral care brand (toothpaste tablets). Domain andsmile.co.uk now resolves to unrelated photography business — brand may have changed web presence or be in transition.,medium
& Tread Well,Tread Well; Tread Well New York,FALSE,TRUE,Independent,,,no,independent,certified-clean,"Founded 2023 by sisters Emily & Claire, Hudson Valley NY. Handmade botanical skincare on family farm. Very new brand.",high
10 Degrees Cooler,Apothecary 90291; 10 Degrees Cooler by Apothecary 90291,FALSE,TRUE,Independent,,,no,independent,certified-clean,"Founded by Andreea Farcas & Cameron Murphy, Venice CA. 100% certified organic skincare. 'Apothecary 90291' is DBA name used interchangeably.",high
100% Pure,Purity Cosmetics; 100% PURE,TRUE,FALSE,Independent,,,no,independent,certified-clean,"Founded by Susie Wang, Ric Kostick, James Wang. Legal name: Purity Cosmetics. Sells via Tmall Global (cross-border e-com, exempt from China mandatory testing). Won PETA Courage in Commerce Award for refusing mainland physical retail in China.",high
1121 Apothecary,,TRUE,FALSE,Independent,,,no,independent,certified-clean,"Micro indie bath & body, founded by Amy (surname not public), handmade. Both PETA and LB certified. Donates 15% to charity.",high
12 Grabs,12GRABS,TRUE,FALSE,Independent,,,unknown,independent,certified-clean,"Korean skincare brand, Seongnam-City (Biz #214-87-03359). No parent conglomerate found. No confirmed China retail presence.",medium
123 Nourish Me,,TRUE,FALSE,Vitalus,,,unknown,gray,certified-gray,"Parent: Vitalus (Australian natural health company, also owns Global By Nature and Complete Health). Vitalus not independently on PETA or LB lists. No China red flags — small Australian holding company, not a global cosmetics conglomerate.",medium
1400 Below®,1400 Below Dead Sea Salt,FALSE,TRUE,LA SALT CO,,,no,independent,certified-clean,"1400 Below is a product line of LA SALT CO (family-owned, sisters Jaza & Sana, Los Angeles). LB certification held by LA SALT CO entity. All made in-house in LA.",high
180 Innovations,BestMed (former name),TRUE,FALSE,HBB Consumer Products LLC,,,no,independent,certified-clean,Operating entity: HBB Consumer Products LLC (Lakewood CO; owner: Margaret Wernars). Small independent US health & beauty supplier. Previously BestMed USA before rebranding.,medium
19th Volume Cosmetics Corp.,19th Volume,TRUE,FALSE,Independent,,,unknown,independent,certified-clean,Founded 2012 by two co-founders (names not public). Natural body care. Grew rapidly through 3 manufacturing facilities. No corporate parent found.,medium
1KOMMA8,1komma8,TRUE,FALSE,Independent,,,no,independent,certified-clean,"Founded by Nicole Algieri, Berlin. Named after 1.8°C Paris Agreement target. Solid/waterless cosmetics. No China retail.",high
23Beauty Paris,23Beauty; 23beauty.paris,TRUE,FALSE,Independent,,,no,independent,certified-clean,"Founded by Virginie Bapaume, France. Vegan nail polishes. Shareholder of Time for the Planet (climate nonprofit). B-corp adjacent.",high
24K Cosmetics,IZME; SeSpring; IZME New York,TRUE,FALSE,24K Cosmetics Inc,,,no,independent,certified-clean,"24K Cosmetics Inc (South Hackensack NJ, est. 2015, founder Tom K). Two sub-brands: IZME (color) and SeSpring (skincare). Sources manufactured goods from China (OEM/supply chain) but does NOT retail in China.",medium
28 Day Skin,HarJam Innovations Ltd (legal entity),TRUE,FALSE,HarJam Innovations Ltd,,,no,independent,certified-clean,"HarJam Innovations Ltd (UK, co. #11037577, Gloucester). Independent. Operates as t/a 28 Day Skin. No China distribution.",medium
28 Litsea,Splurge Skincare (former name),TRUE,FALSE,Independent,,,no,independent,certified-clean,"Sole owner Christine Cunningham, Boston MA. Rebranded from Splurge Skincare. Small-batch artisan lip & body care. Named for founder's late father's birthday (28th) and Litsea cubeba botanical.",high
2E Nail Supply,2E Organic,TRUE,FALSE,Independent,,,no,independent,certified-clean,Norcross GA (4220 Steve Reynolds Blvd). PETA slug is /company/2e-organic/ — '2E Organic' is the registered PETA name. Spa pedicure kits and organic nail care.,medium
2kcommerce,,TRUE,FALSE,Unknown,,,unknown,unknown,needs-review,"Extremely limited public footprint. PETA-licensed (designated L). Likely an e-commerce entity selling beauty products. No website, founder, or parent company found. Flag for manual outreach.",low
2nd Love Cosmetics,2nd Love,TRUE,FALSE,Independent,,,no,independent,certified-clean,LA-based makeup brand. Self-described '2nd generation cosmetics company' suggesting family-owned. No corporate parent.,medium
2SHERO KOZMETIK IMALAT TIC,Shero Cosmetic,TRUE,FALSE,Independent,,,no,independent,certified-clean,"Turkish cosmetics company (Istanbul), founded by Sevda Balkan. NOTE: Do NOT confuse with Shero Cosmetics Co. Ltd (Taiwan OEM/ODM) — completely separate company.",medium
305 Care,,TRUE,FALSE,Unknown,,,unknown,unknown,needs-review,"Likely Miami-area indie (305 = Miami area code). Very limited public presence. No website, founder, or corporate info found. Flag for manual follow-up.",low
3107 Skincare,3107 London,TRUE,FALSE,Independent,,,no,independent,needs-review,"Founded by Dija Ayodele, London. UK registered company (co. #09561941) was DISSOLVED 26 March 2019. PETA listing still active. Current legal entity status unknown — may operate as sole trader. Dija Ayodele also founded Black Skin Directory.",medium
365 by Whole Foods Market,365 Everyday Value; WFM 365; Whole Foods Market 365,TRUE,TRUE,Amazon Inc,yes,,no,gray,certified-gray,Amazon acquired Whole Foods Aug 2017 (~$13.7B). 365 = Whole Foods private-label store brand (est. 1997). Amazon has China operations (Amazon.cn) but Whole Foods/365 has no China stores and no evidence of China cosmetics retail. Amazon Premium Products is separately PETA-certified. Most CF authorities treat 365 as clean. LB certified since 2021.,high
3INA,3INA Makeup; 3INA Cosmetics; pronounced Mee-Nah,TRUE,FALSE,Independent,,,no,independent,certified-clean,"Founded by Pablo Rivera & Mark Eve, Spain/UK. First colour cosmetics brand to achieve B Corp certification (2024). 40+ countries. Confirmed does not sell in mainland China or countries requiring animal testing by law.",high
3M,Minnesota Mining and Manufacturing (historical),TRUE,FALSE,3M Company,no,no,yes,bad,data-error,"FLAG: This is almost certainly a database error. The 3M Company (multinational, NYSE: MMM) is on PETA's DOES-TEST list, operates 12 China subsidiaries since 1984, and is confirmed NOT cruelty-free by Cruelty-Free Kitty and others. PETA lists 3M in its non-animal testing science consortium (PISC) which is NOT the same as CF certification. This PETA entry requires manual investigation — may be a tiny unrelated brand sharing the '3M' name, or a scraper error.",high
3rd + Fairfax Beauty,,FALSE,TRUE,Independent,,,unknown,independent,certified-clean,"Small LA-based brand (~2018), inspired by Farmers Market at 3rd & Fairfax. Facial oils, serums, cleansers. LB confirmed. No corporate parent.",medium
4-Legger,,FALSE,TRUE,Independent,,,no,independent,certified-clean,"Women-owned independent. USDA Certified Organic dog shampoo and pet grooming. LB certified since 2017, re-certifies annually.",high
4EVER MAGIC COSMETICS,4Ever Magic Cosmetics,TRUE,FALSE,Independent,,,no,independent,certified-clean,"Founded by Ravit Darougar (Founder & CEO), 2018. Self-funded. PETA-certified vegan. Patent-holding founder. No corporate parent.",high
4Kelp™,4KELP,FALSE,TRUE,Kelp Skincare LLC,,,no,independent,certified-clean,Trademark held by Kelp Skincare LLC. Very new brand (TM filed Oct 2024). Kelp forest conservation mission. Men's clean skincare. LB certified.,medium
4organic,4ORGANIC,TRUE,FALSE,4MYOrganic Sp. z o.o. Sp.k.,,,no,independent,certified-clean,"Polish natural cosmetics brand (Warsaw, KRS 0000557397). Children's and adult skincare. Nordic Swan certified. PETA-certified.",medium
4ourclimate,,TRUE,FALSE,Unknown,,,unknown,unknown,needs-review,"PETA-certified but no website, founder, country, or corporate info found despite multiple searches. Likely small sustainability-focused brand. Flag for manual follow-up.",low
4peoplewhocare UG,forpeople; 4peoplewhocare GmbH,TRUE,FALSE,Independent,,,no,independent,certified-clean,"Founded ~2020 by Fritz Hinrichsmeyer & Marc, Hamburg. Rebranded consumer-facing to 'forpeople' in 2025. Legal entity upgraded from UG to GmbH. Solid/waterless cosmetics. Natrue certified. PETA-certified.",high
5 SENS Inc.,5 Sens; Cinq Sens,FALSE,TRUE,Independent,,,no,independent,certified-clean,"Founded by Divya Gugnani (also co-founded Wander Beauty). Fine fragrance, LB certified since 2022. Sold at Sephora. BIPOC and female-founded.",high
5 Star Shave Club,5StarShaveClub; 5 Star Shave,TRUE,FALSE,5 Star Ventures LLC,,,no,independent,certified-clean,5 Star Ventures LLC (independent). Single-blade safety razor subscription. NOT related to Dollar Shave Club (Unilever).,high
66°30,6630,TRUE,FALSE,Independent,,,no,independent,certified-clean,"Founded 2007 by Didier Arthaud. Men's organic skincare, made in Brittany France. No corporate parent.",medium
6th Floor Beauty,,TRUE,FALSE,6TH FLOOR BEAUTY LIMITED,,,no,independent,certified-clean,"UK co. #11291881, founded by Matthew Zussman. Professional strip lash and lash extension brand. Independent.",medium
707 Flora,,TRUE,FALSE,707 Flora LLC,,,no,independent,certified-clean,"Founded by Joan Sutton (CEO, former Lancôme) & Wesley Titus. CBD/hemp skincare. Independent LLC. No China distribution.",high
760 Skin,760Skin,FALSE,TRUE,Independent,,,no,independent,certified-clean,Founded June 2021 by sisters Madison & Mia Heckmann and Olivia Halton. Named after Palm Springs area code 760. Desert-inspired skincare. LB certified.,high
77Skin,77SKIN,FALSE,TRUE,Independent,,,no,independent,certified-clean,Canada-based. Science-driven minimalist skincare. Developed with Korean labs. LB certified. Limited public ownership info.,medium
786 Cosmetics,,TRUE,TRUE,Invent Inc,,,no,independent,certified-clean,"Parent: Invent Inc (Schaumburg IL), small indie multi-brand holding co. (also owns Jolie Vegan, Boxed Halal, etc.). Founded by Ibrahim Ali & Iqra Isphahani. Halal breathable nail polish. Both PETA + LB certified. Made in USA. No China distribution.",high
7elements,7 elements; Elements 7,TRUE,FALSE,Independent,,,no,independent,certified-clean,"Greek brand (Sérres, Greece; 7elements.gr). Organic plant oils. NOTE: Do NOT confuse with '7Elements Dead Sea' (Genesis Venture Supply, US) — separate company.",medium
7th Heaven,Montagne Jeunesse; 7th Heaven by Montagne Jeunesse,FALSE,TRUE,Montagne Jeunesse International Limited,,yes,no,independent,certified-clean,"Montagne Jeunesse Intl Ltd = family-owned UK company, Port Talbot Wales, founded 1985 by Gregory Butcher OBE. LB and PETA certified. Brand EXPLICITLY does not sell in mainland China or countries requiring animal testing. PDC Brands ownership rumor: NO EVIDENCE — multiple searches found no acquisition. Family-owned status maintained.",high
8 FACES,8 Faces Beauty; 8facesbeauty,FALSE,TRUE,Independent,,,no,independent,certified-clean,"Founded 2016 by Beth Shuman (former TV producer), Canada. Single-hero Boundless Solid Oil. Featured in Goop, Vogue, Vanity Fair. LB certified.",medium
82°E,82E; eighty-two east,TRUE,FALSE,DPKA Universal Consumer Ventures Pvt Ltd,,,no,independent,certified-clean,"DPKA Universal Consumer Ventures Pvt Ltd (Mumbai, CIN U24290MH2021PTC359971). Co-founded by Deepika Padukone & Jigar K. Shah 2021. India-focused, US distribution via PCA Companies. PETA-certified. WATCH: Nykaa (FSN E-Commerce) in acquisition talks as of Apr 2026 — deal not finalized. Nykaa itself is PETA-certified and India-focused with no China cosmetics retail.",medium
8Greens,8 Greens,TRUE,FALSE,Grove Collaborative (acquired Mar 2025),,,no,independent,certified-clean,"Acquired by Grove Collaborative (GROV, publicly traded) Mar 2025. Grove is US-only sustainable retail, LB certified on own products. No China presence. CF status intact.",medium
A Girl's Gotta Spa!,A Girls Gotta Spa,FALSE,TRUE,Independent,,,no,independent,certified-clean,Small indie spa/bath brand. LB certified. No corporate parent.,medium
A Good Fur Day,,TRUE,FALSE,Independent,,,no,independent,certified-clean,Pet grooming/care brand. PETA certified. Independent.,medium
A House on the Moon,,FALSE,TRUE,Independent,,,no,independent,certified-clean,Small indie LB-certified brand. No corporate parent found.,low
A Joy Forever Bath + Body,A Joy Forever,FALSE,TRUE,Independent,,,no,independent,certified-clean,Small indie bath/body brand. LB certified.,low
A La Maison de Provence,A La Maison,FALSE,TRUE,Independent,,,no,independent,certified-clean,French-style bath/body brand. LB certified. Independent.,medium
A Perfume Organic,,TRUE,FALSE,Independent,,,no,independent,certified-clean,Organic fragrance brand. PETA certified. Independent.,medium
A Touch of Class Beauty,,TRUE,FALSE,Independent,,,no,independent,needs-review,PETA-listed. Very limited public footprint; possible micro-brand or sole trader. No parent found. Flag for follow-up.,low
A Wild Soap Bar,,TRUE,FALSE,Independent,,,no,independent,certified-clean,Artisan soap maker. PETA certified. Independent.,medium
A.P. CHEM,AP CHEM,TRUE,TRUE,Independent,,,no,independent,certified-clean,Chemistry-focused skincare. Both PETA + LB certified. Independent.,medium
A.W.Faber-Castell S.A,Faber-Castell Cosmetics,TRUE,FALSE,A.W. Faber-Castell GmbH (Germany),,,no,independent,certified-clean,Brazilian cosmetics division (faber-castell-cosmetics.com) of German family-owned Faber-Castell GmbH. PETA certified. No China cosmetics sales found.,high
A&R Bath Shop,A and R Bath Shop,TRUE,FALSE,Independent,,,no,independent,certified-clean,Small indie bath shop. PETA certified.,low
A2V,,TRUE,FALSE,Unknown,,,unknown,unknown,needs-review,"A2V appears to be a B2B product development/manufacturing firm (UK), not a direct consumer brand. Scope of PETA pledge unclear. Flag for clarification.",low
A2Z Beauty,,FALSE,TRUE,Independent,,,no,independent,certified-clean,LB certified beauty brand. Limited online info; appears independent.,low
Aaryanveda,,TRUE,FALSE,Independent,,,no,independent,certified-clean,Indian Ayurvedic beauty brand. PETA certified. Independent.,medium
AB Living Essentials,,FALSE,TRUE,Independent,,,no,independent,certified-clean,Small indie LB-certified brand.,low
ABATURE,,TRUE,FALSE,Unknown,,,unknown,unknown,needs-review,No public website or corporate info found. Flag for manual follow-up.,low
Abbey Essentials,,FALSE,TRUE,Independent,,,no,independent,certified-clean,Small indie LB-certified brand.,low
Abbot Kinney Apothecary,Abbott Kinney Apothecary,FALSE,TRUE,Los Angeles Brands (Burbank CA),,,no,independent,certified-clean,"Men's grooming. Owned by Los Angeles Brands, a small multi-brand portfolio company (not a bad/gray conglomerate). LB certified.",medium
Abbott,Abbott NYC,TRUE,FALSE,Independent,,,no,independent,certified-clean,"Abbott NYC — small eco-driven beauty brand, NOT Abbott Laboratories (pharma). PETA certified vegan + CF. Independent.",high
ABBY & FINN,Abby and Finn,TRUE,FALSE,Melodiol Global Health (ASX: ME1; acquired Jan 2023),,,no,independent,needs-review,"Founded by Amanda Little; acquired Jan 2023 by Melodiol Global Health (ASX-listed cannabis/wellness co., not a cosmetics conglomerate). PETA cert predates acquisition — verify cert still active under new owner.",medium
Abby Rose Skin Care,,TRUE,TRUE,Independent,,,no,independent,certified-clean,Both PETA + LB certified. Independent skincare brand.,medium
Abel Fragrance,Abel,TRUE,FALSE,Independent,,,no,independent,certified-clean,New Zealand natural fragrance brand. Founded by Frances Shoemack. PETA certified. Independent. No China distribution.,high
ABELA,,TRUE,FALSE,Unknown,,,unknown,unknown,needs-review,No public website or distinctive corporate info found for this brand. Flag for manual follow-up.,low
Abercrombie & Fitch,A&F; Abercrombie,TRUE,FALSE,Abercrombie & Fitch Co. (NYSE: ANF),,,yes,gray,certified-gray,"A&F Co. has 26+ physical stores in China + Tmall. Sells fragrances in China. Post-2021 reform, fragrances are 'general cosmetics' exempt from mandatory animal testing. PETA still lists. China retail presence is flagged but product type is likely exempt. Has explicit Animal Welfare Policy.",medium
Abhati Suisse,,TRUE,FALSE,Independent,,,no,independent,certified-clean,Swiss sustainable beauty brand. PETA certified. Independent.,medium
Abici,Abicì,TRUE,FALSE,Independent,,,no,independent,certified-clean,Italian indie beauty brand. PETA certified.,medium
Able Skincare,,TRUE,FALSE,Independent,,,no,independent,certified-clean,PETA certified skincare brand. Independent.,medium
Abloom Skin Care,,TRUE,FALSE,Independent,,,no,independent,certified-clean,Small indie skincare. PETA certified.,low
About Me,,TRUE,FALSE,Samyang Corporation (South Korea),,,unknown,gray,needs-review,About Me is Samyang Group's beauty brand. Samyang is a large Korean conglomerate (food/chemicals/biomedical). Not on standard bad-parent list but China cosmetics sales status unclear. Needs deeper investigation.,medium
About Time We Met,,TRUE,FALSE,Quintis Sandalwood (ASX-listed; in receivership/administration 2024),,,no,independent,needs-review,Brand created by Quintis Sandalwood. Quintis entered receivership 2024 (FTI Consulting administration). Brand CF status appears intact but corporate future uncertain. Monitor.,medium
about-face,about face,TRUE,FALSE,Independent,,,no,independent,certified-clean,Makeup brand founded by Halsey (singer). 100% vegan + CF. PETA certified. Sold at Ulta. Independent. Also launched sister brand af94 (budget line at Walmart).,high
aboutface,about-face,TRUE,FALSE,Independent,,,no,independent,needs-review,PETA has a distinct listing for 'aboutface' (no hyphen) separate from about-face (Halsey). Brand identity unconfirmed — could be different regional brand or PETA alias. Needs manual identity verification.,low
Abra Therapeutics,,TRUE,FALSE,Independent,,,no,independent,certified-clean,Herbal bath/body therapeutics brand. PETA certified. Independent.,medium
ABRIGA,,TRUE,FALSE,"Independent (ABRIGA Group, Poland)",,,no,independent,certified-clean,Polish cosmetics holding/brand group. PETA certified. No China retail presence found. Not part of any major conglomerate.,medium
Absolute Green,,TRUE,FALSE,Independent,,,no,independent,certified-clean,Small indie green beauty brand. PETA certified.,low
Absolute Miracle,,TRUE,FALSE,Unknown,,,unknown,unknown,needs-review,Multiple brands share this name. Cannot confirm which PETA lists. Flag.,low
Absolute New York,Absolute NY,TRUE,TRUE,Independent,,,no,independent,certified-clean,Founded 2013 by John Kim & Beronicka Kim. NYC-based budget cosmetics. Both PETA + LB. Independent.,high
Absolute Soap,Absolute Soap; formerly Product Body,TRUE,FALSE,Independent,,,no,independent,certified-clean,Formerly called 'Product Body.' Founded by Joanna Schmidt. Handmade vegan soaps/body products. PETA certified. Independent (Product Body was prior name not a parent company).,high
Absolutely Natural Inc,Absolutely Natural,FALSE,TRUE,Independent,,,no,independent,certified-clean,LB certified indie beauty brand.,low
Abstrax Labs,Abstrax,TRUE,FALSE,Independent,,,no,independent,certified-clean,Terpene science / cannabis-adjacent brand. PETA certified. Independent.,medium
Abura Cosmetics,,TRUE,FALSE,Independent,,,no,independent,certified-clean,Small indie cosmetics. PETA certified.,low
Abyssal Japan Co.,,TRUE,FALSE,Independent,,,no,independent,certified-clean,Japanese beauty brand. PETA certified. Independent.,medium
abyssian,Abyssian Haircare,TRUE,FALSE,Independent,,,no,independent,certified-clean,Premium haircare. Founded by Sebastien Morin & Thierry Mandonnaud (French). PETA vegan + CF certified. No China distribution found.,medium
Acaderma,,FALSE,TRUE,Independent,,,no,independent,certified-clean,Clean cosmeceutical brand. LB certified. Independent.,medium
AcARRE,,FALSE,TRUE,Independent,,,no,independent,certified-clean,LB certified brand. Limited online info; appears independent.,low
ACE,ACE (BBI),TRUE,FALSE,Beauty by Imagination (BBI),yes,,no,independent,certified-clean,"Parent: Beauty by Imagination (BBI), owned by ACON Investments (PE). BBI portfolio: Wet Brush, Goody, Ouidad, Bio Ionic, CURLS — multiple PETA-certified. No China cosmetics sales concern.",high
Ace Beaute Cosmetics,Ace Beaute; Ace Beauté,TRUE,FALSE,Independent,,,no,independent,certified-clean,Small indie cosmetics brand. PETA certified.,medium
Ace of Air,,FALSE,TRUE,Independent,,,no,independent,certified-clean,"Founded by Stephanie Stahl, Petra Nemcova & David Knowlton. Circular beauty model (returnable packaging). LB + B Corp certified. Independent.",high
Acherontia,,TRUE,FALSE,Independent,,,no,independent,certified-clean,Small indie brand (name = death's-head hawk moth). PETA certified.,low
Acmer,,TRUE,FALSE,Independent,,,no,independent,certified-clean,Small indie brand. PETA certified.,low
Act Of Being,Act of Being (Epic Beauty Brands),TRUE,FALSE,Epic Beauty Brands,,,no,independent,certified-clean,Parent: Epic Beauty Brands — small independent men's grooming brand builder. PETA certified. No China presence.,medium
actiMare,,TRUE,FALSE,Independent,,,no,independent,certified-clean,European indie brand. PETA certified.,low
Actium Plus,,TRUE,FALSE,Independent,,,no,independent,certified-clean,PETA certified brand. Limited info available.,low
Active Concepts,,TRUE,FALSE,Independent,,,no,independent,certified-clean,"B2B cosmetic ingredient supplier, PETA certified. Independent.",medium
Active Micro Technologies,,TRUE,FALSE,Independent,,,no,independent,certified-clean,B2B cosmetic ingredient supplier. PETA certified. Independent.,medium
ACTIVE NINE,,TRUE,FALSE,Independent,,,no,independent,certified-clean,Small indie brand. PETA certified.,low
Active Organic,,TRUE,FALSE,Independent,,,no,independent,certified-clean,Small indie organic brand. PETA certified.,low
Active Silver,,TRUE,FALSE,Independent,,,no,independent,certified-clean,Silver-based antimicrobial skincare. PETA certified. Independent.,medium
Activist Skincare,,FALSE,TRUE,Independent,,,no,independent,certified-clean,Canadian indie skincare. LB certified. Independent.,medium
ACTIVOSCOSMETICOS,Ativos Cosméticos,TRUE,FALSE,Independent,,,no,independent,needs-review,PETA-certified. No website or corporate ownership confirmed. Portuguese/Brazilian small brand. Low discoverability warrants review.,low
Acure,Acure Organics,TRUE,TRUE,Better Planet Brands,,,no,independent,certified-clean,"Parent: Better Planet Brands (formerly Acure Organics). Family-founded (Jon & Kristy Guerra, Fort Lauderdale FL). Both PETA + LB certified. No PE/China concerns found.",high
Acuvue,,TRUE,FALSE,Johnson & Johnson (J&J MedTech / J&J Vision),,,yes,bad,needs-review,Acuvue = contact lenses (J&J Vision/MedTech). J&J consumer beauty spun off as Kenvue 2023; Kenvue/Neutrogena sell in China. Some sources state PETA flags J&J as testing. Contact lenses ≠ cosmetics but parent has China testing exposure. Flag.,medium
ADA TINA Cosméticos,ADA TINA,TRUE,FALSE,Independent,,,no,independent,certified-clean,Brazilian dermocosmetics brand. PETA certified. Independent.,medium
Adams Handmade Soap,Adam's Handmade Soap,TRUE,FALSE,Independent,,,no,independent,certified-clean,Small indie artisan soap brand. PETA certified. Independent.,medium
ADC Hounstone & Co.,ADC Hounstone,TRUE,FALSE,Unknown,,,unknown,unknown,needs-review,No public website or corporate info found. Flag for manual follow-up.,low
Adcos,ADCOS,TRUE,FALSE,Independent,,,no,independent,certified-clean,Brazilian dermocosmetics brand (founded 1985). PETA certified. Independent.,medium
AddictaLash,,TRUE,FALSE,Independent,,,no,independent,certified-clean,Indie lash brand. PETA certified.,low
Adélie et Cie,Adelie et Cie,TRUE,FALSE,Independent,,,no,independent,certified-clean,French indie brand. PETA certified.,low
Adelinda Cosmética Natural,Adelinda Natural,TRUE,FALSE,Independent,,,no,independent,certified-clean,Brazilian/Portuguese natural cosmetics. PETA certified. Independent.,low
Adept Cosmetics,,TRUE,FALSE,Independent,,,no,independent,certified-clean,PETA certified. Founded 2017 by Sandra & Tom. Indie alt makeup. EXPLICITLY refuses to sell in China (stated in brand policy). Mostly vegan.,high
aDesign,,TRUE,FALSE,Unknown,,,unknown,unknown,needs-review,Very generic name; cannot identify specific brand with confidence. Flag for manual follow-up.,low
Adessa,,TRUE,FALSE,"Independent (Adessa GmbH, Bavaria Germany)",,,no,independent,certified-clean,"100% vegan German cosmetics brand. Privately-owned family business, Bavaria, managed by Tanja & Torsten Merkl. PETA certified. Not a Rossmann private label.",high
Adesse New York,Adesse NY,TRUE,TRUE,Adesse Global Cosmetics LLC,,,no,independent,certified-clean,Founded by Suzanne Martens. Luxury gel-effect nail care. Both PETA + LB. Adesse Global Cosmetics LLC is independent.,high
Adezzo Beauty,,TRUE,FALSE,Independent,,,no,independent,certified-clean,Small indie beauty brand. PETA certified.,low
Adhome Co.,,TRUE,FALSE,Independent,,,no,independent,certified-clean,Small indie brand. PETA certified.,low
Adi Botany,,FALSE,TRUE,Independent,,,no,independent,certified-clean,Botanical indie brand. LB certified. Independent.,medium
Adli Gummies d/o/b Imaraïs Beauty,Imaraïs Beauty; Imaris Beauty,TRUE,FALSE,Healthy Extracts Inc. (acquired May 15 2026),,,no,independent,certified-clean,Imaraïs Beauty (vegan beauty gummies). Adli Gummies Inc. acquired by Healthy Extracts Inc. (small Canadian/US wellness co.) May 15 2026. Not a bad/gray conglomerate. PETA certified.,high
Admire My Skin,,FALSE,TRUE,Digital Beauty Group LLC,,,no,independent,certified-clean,"Parent: Digital Beauty Group LLC (Craig & Amy Romero, Florida). Derm-grade skincare, FDA-certified US lab, Inc. 5000 ranked. LB certified. Independent.",high
ADOREYES,,TRUE,FALSE,Independent,,,no,independent,certified-clean,Eye area cosmetics and care products. PETA certified. Independent.,medium
Adorn Cosmetics,,TRUE,FALSE,Independent,,,no,independent,certified-clean,Australian natural mineral makeup brand. PETA certified. Independent.,medium
ADVANAGE Diversified Products,Advanage,TRUE,FALSE,Independent,,,no,independent,certified-clean,Concentrated household/multi-purpose cleaner. PETA certified. Independent.,medium
Adversa,,TRUE,FALSE,Unknown,,,unknown,unknown,needs-review,No public website or corporate info confirmed. Flag for manual follow-up.,low
AdvoCANNA,,TRUE,FALSE,Independent,,,no,independent,certified-clean,Cannabis/CBD-adjacent wellness brand. PETA certified. Independent.,low
AEGIS PHARMA,Aegis Pharma,TRUE,FALSE,Unknown,,,unknown,unknown,needs-review,Pharma-adjacent brand on PETA list. Cannot confirm which specific entity. Flag for manual follow-up.,low
AEMBR,,FALSE,TRUE,Independent,,,no,independent,certified-clean,LB certified indie brand.,low
Aeonia by Delavie Sciences,Aeonia; Delavie Sciences,FALSE,TRUE,Independent,,,no,independent,certified-clean,Longevity/anti-aging skincare. LB certified. Delavie Sciences is the parent indie company. Independent.,medium
AER,,TRUE,FALSE,Independent,,,no,independent,certified-clean,Body care/deodorant brand. PETA certified. Independent.,medium
Aesop,,TRUE,FALSE,L'Oréal,,,yes,bad,certified-gray,Acquired by L'Oréal in 2023. L'Oréal sells cosmetics in China requiring animal testing. Aesop itself is cruelty-free (PETA) but parent L'Oréal is a bad-parent corporation.,high
Aesthetica Cosmetics,,TRUE,FALSE,Independent,,,no,independent,certified-clean,Indie makeup brand. PETA certified. Independent.,medium
Aeston West,,FALSE,TRUE,Independent,,,no,independent,certified-clean,Small indie LB-certified brand.,low
Aevi Wellness,,FALSE,TRUE,Independent,,,no,independent,certified-clean,Wellness/CBD brand. LB certified. Independent.,low
af94,af 94,TRUE,FALSE,Independent,,,no,independent,certified-clean,Halsey's second makeup brand; affordable 'bratty younger sibling' to about-face. Sold at Walmart. 100% vegan + CF. PETA certified. Independent.,high
Afari Skincare,,TRUE,FALSE,Independent,,,no,independent,certified-clean,Small indie skincare. PETA certified.,low
AFETO NATURAL,Afeto Natural,TRUE,FALSE,Independent,,,no,independent,certified-clean,Brazilian natural beauty brand. PETA certified.,low
Affinage Professional,Affinage; ASP Hair; A.S.P Expert Haircare,TRUE,FALSE,Independent,,,no,independent,certified-clean,Largest independently-owned cruelty-free professional hair care company in Australia/NZ. Also trades as ASP Hair in UK. Family-owned. PETA certified.,high
Affordable Mineral Makeup,,TRUE,FALSE,Independent,,,no,independent,certified-clean,Small indie mineral makeup. PETA certified.,low
AFFOREST GREEN BEAUTY,Afforest Green Beauty,TRUE,FALSE,Independent,,,no,independent,certified-clean,Green/eco indie beauty. PETA certified.,low
After Inked LLC,After Inked,TRUE,FALSE,Independent,,,no,independent,certified-clean,Tattoo aftercare and moisturizing brand. PETA certified. Independent.,medium
Afterglow Cosmetics,,TRUE,FALSE,Independent,,,no,independent,certified-clean,"Founded 2004 by Kristin Adams, Raleigh NC. Organic mineral makeup. PETA certified. Independent.",high
AG Care,AG Hair,TRUE,FALSE,Independent,,,no,independent,certified-clean,"Founded 1989 by Lotte & John Davis, North Vancouver BC. Largest independent professional hair care manufacturer in Canada. Vertically integrated, own factory. PETA certified.",high
Agape Key All Natural Products,Agape Key,TRUE,FALSE,Independent,,,no,independent,certified-clean,Small indie all-natural products brand. PETA certified.,low
Agave,Agave Haircare; Agave by BioIonic,TRUE,FALSE,Beauty by Imagination (BBI),yes,,no,independent,certified-clean,"BioIonic brand under BBI (Beauty by Imagination, ACON Investments PE). Agave smoothing haircare line. PETA certified. BBI portfolio has no China cosmetics concerns.",high
Agave Healing Oil,Agave by Bio Ionic,FALSE,TRUE,Beauty by Imagination (BBI),yes,,no,independent,certified-clean,BioIonic brand under BBI (same parent as 'Agave' entry above). LB certified. No China concerns.,high
Age Attraction Kosmetik,Age Attraction,TRUE,FALSE,Independent,,,no,independent,certified-clean,German cosmetics brand. PETA certified. Independent.,medium
Agella Beauty,,FALSE,TRUE,Independent,,,no,independent,certified-clean,LB certified indie beauty brand.,low
Agency,,FALSE,TRUE,Independent,,,no,independent,certified-clean,LB certified indie brand.,low
Agent Nateur,,TRUE,FALSE,Independent,,,no,independent,certified-clean,"Independent luxury natural deodorant and skincare brand. Founded by Jena Covello, LA. PETA certified.",high
Agera Biotech,,TRUE,FALSE,Independent,,,no,independent,certified-clean,PETA certified biotech skincare brand. Independent.,medium
Aggi Natural Beauty,,TRUE,FALSE,Independent,,,no,independent,certified-clean,Small indie natural beauty brand. PETA certified.,low
Agilise Cosméticos,Agilise Cosmeticos,TRUE,FALSE,Independent,,,no,independent,certified-clean,Brazilian cosmetics brand. PETA certified. Independent.,medium
Agnes dos Santos,,TRUE,FALSE,Independent,,,no,independent,certified-clean,PETA certified indie brand. Likely Brazilian.,low
Agua de Nube,,TRUE,FALSE,Independent,,,no,independent,certified-clean,Spanish/Latin American natural cosmetics. PETA certified. Independent.,low
Aguaymanto,,TRUE,FALSE,Independent,,,no,independent,certified-clean,"Peruvian natural cosmetics brand (aguaymanto = goldenberry, Peruvian superfruit). PETA certified.",medium
Ahal,,TRUE,FALSE,Laboratorio Biocosmética S.A. de C.V.,,,no,independent,certified-clean,Mexican brand. Parent: Laboratorio Biocosmética S.A. de C.V. — independent Mexican cosmetics lab. PETA certified. No China concerns.,medium
AHAVA Dead Sea Laboratories Ltd.,AHAVA Dead Sea; AHAVA,TRUE,FALSE,Fosun International (China),,,yes,bad,certified-gray,"ACQUIRED by Fosun International (Chinese conglomerate) in 2016 for ~$77M. Fosun sells cosmetics in China. AHAVA products are sold in China through Fosun channels, potentially requiring animal testing. Brand claims CF but parent is Chinese conglomerate with China cosmetics sales.",high
Ahé Naturals,Ahe Naturals,TRUE,FALSE,Independent,,,no,independent,certified-clean,Natural cosmetics brand. PETA certified. Independent.,low
ahimsa,,FALSE,TRUE,Independent,,,no,independent,certified-clean,LB certified indie brand (ahimsa = Sanskrit for non-violence). Independent.,medium
Ahimsa Essentials,,TRUE,FALSE,Independent,,,no,independent,certified-clean,PETA certified natural/cruelty-free brand. Independent.,medium
Ahimsa Haircare,,TRUE,FALSE,Independent,,,no,independent,certified-clean,PETA certified haircare brand. Independent.,medium
Ahura New York,,TRUE,TRUE,Independent,,,no,independent,certified-clean,Both PETA + LB certified New York brand. Independent.,medium
AIIR Professional,,FALSE,TRUE,Independent,,,no,independent,certified-clean,Professional haircare brand. LB certified. Independent.,medium
AIKA WELLNESS,Aika Wellness,TRUE,FALSE,Independent,,,no,independent,certified-clean,Wellness/personal care brand. PETA certified. Independent.,low
Aim,Aim toothpaste,TRUE,FALSE,Church & Dwight,,,gray,gray,certified-gray,Aim toothpaste. Parent: Church & Dwight — large consumer goods co. (NYSE: CHD). Sells household products in China; beauty/oral care China status unclear. Flagged as gray parent in master CSV.,medium
Aim HI Every Day,,TRUE,FALSE,Independent,,,no,independent,certified-clean,Small indie brand. PETA certified.,low
Aimée de Mars,Aimee de Mars,TRUE,FALSE,Independent,,,no,independent,certified-clean,French natural cosmetics brand. PETA certified. Independent.,medium
Aimeili Gel Polish,,TRUE,FALSE,Independent,,,no,independent,certified-clean,Gel nail polish brand. PETA certified. Likely Chinese-origin DTC brand but no evidence of animal testing.,medium
Ainterol Natural Products,Ainterol,TRUE,FALSE,Independent,,,no,independent,certified-clean,Natural/herbal personal care. PETA certified. Independent.,low
Air Scense,Air-Scense,FALSE,TRUE,Independent,,,no,independent,certified-clean,Natural air freshener/scent brand. LB certified. Independent.,medium
Air Wick,,TRUE,FALSE,Reckitt (Reckitt Benckiser),,,yes,bad,certified-gray,Home fragrance brand. Parent Reckitt Benckiser tests on animals and sells in China. Air Wick signed PETA pledge for its own products. Brand is home fragrance (not cosmetics) but parent is bad. PETA lists Air Wick; CFK says not CF due to parent.,medium
Airelle Skincare,,TRUE,FALSE,Independent,,,no,independent,certified-clean,PETA certified skincare brand. Independent.,medium
Airnex,,TRUE,FALSE,Independent,,,no,independent,certified-clean,PETA certified brand. Limited info; appears independent.,low
Aisle5,,FALSE,TRUE,Independent,,,no,independent,certified-clean,LB certified indie brand.,low
AJ Nails Collection,,TRUE,FALSE,Independent,,,no,independent,certified-clean,Small nail brand. PETA certified.,low
AJANANTA RETAIL,Ajananta,TRUE,FALSE,Independent,,,no,independent,certified-clean,PETA certified brand. Likely Indian origin. Independent.,low
AKA Cosmetic,,TRUE,FALSE,Independent,,,no,independent,certified-clean,PETA certified cosmetics brand. Independent.,low
Akahi Enterprise,,TRUE,FALSE,Independent,,,no,independent,certified-clean,Small indie brand. PETA certified.,low
Akasa Elements,,TRUE,FALSE,Independent,,,no,independent,certified-clean,PETA certified natural brand. Independent.,low
Aki Lashes,,TRUE,FALSE,Independent,,,no,independent,certified-clean,Indie lash brand. PETA certified.,low
Akita Brands,,TRUE,FALSE,Independent,,,no,independent,certified-clean,PETA certified brand. Independent.,low
Akla,,FALSE,TRUE,Independent,,,no,independent,certified-clean,LB certified indie brand.,low
AKS  KOZMETIK KIMYA TIC. LTD. STI,AKS Kozmetik,TRUE,FALSE,Independent,,,no,independent,certified-clean,Turkish cosmetics company. PETA certified. Independent.,medium
AKSAN KOZMETIK,Aksan Kozmetik,TRUE,FALSE,Independent,,,no,independent,certified-clean,Turkish cosmetics brand. PETA certified. Independent.,medium
AKT London,AKT,TRUE,FALSE,Independent,,,no,independent,certified-clean,UK performance deodorant brand (AKT = Alan & Mickey). PETA certified. Independent.,high
Akten Kozmetik San. Paz. A.Ş,Akten Kozmetik,TRUE,FALSE,Independent,,,no,independent,certified-clean,Turkish cosmetics company. PETA certified. Independent.,medium
Alacarte Beauty,,FALSE,TRUE,Independent,,,no,independent,certified-clean,LB certified indie beauty brand.,low
Alaffia,,FALSE,TRUE,Independent,,,no,independent,certified-clean,Founded 2003 by Olowo-n'djo Tchala (Togo) & Prairie Rose Hyde. Social enterprise; shea butter/fair trade from West Africa. LB certified since 2022. Independent.,high
Alamar Cosmetics,,TRUE,FALSE,Independent,,,no,independent,certified-clean,Latina-founded indie makeup brand. PETA certified. Independent.,high
Alaska Glacial Essentials,,FALSE,TRUE,Independent,,,no,independent,certified-clean,LB certified skincare brand using Alaskan glacier water. Independent.,medium
Alba Beauty,,TRUE,FALSE,Independent,,,no,independent,certified-clean,PETA certified beauty brand. Independent. NOTE: separate from Alba Botanica (Hain Celestial).,medium
Alba Botanica,,TRUE,FALSE,Hain Celestial,,,gray,gray,certified-gray,Parent Hain Celestial has a China JV (with Hutchison China Meditech). Alba Botanica itself does not sell in China or countries requiring animal testing. PETA + LB certified. Hain is a natural/organic company committed to CF. Gray due to parent's China JV.,medium
Alba® 1913,Alba 1913,TRUE,FALSE,Independent,,,no,independent,certified-clean,PETA certified brand. Likely Italian origin (1913 founding date). Independent.,medium
Albaad,,TRUE,FALSE,Independent,,,no,independent,certified-clean,Personal care/hygiene products. PETA certified. Independent.,medium
"Albertini International, LLC",Albertini International,FALSE,TRUE,Independent,,,no,independent,certified-clean,LB certified indie brand.,low
Alchemistry Essentials,,FALSE,TRUE,Independent,,,no,independent,certified-clean,LB certified indie essentials brand.,low
Alchemy Holistics,,TRUE,FALSE,Independent,,,no,independent,certified-clean,Holistic indie beauty brand. PETA certified. Independent.,low
Alchemy Oils,,TRUE,FALSE,Independent,,,no,independent,certified-clean,Natural oils/beauty brand. PETA certified. Independent.,low
Alchimie Forever,,TRUE,TRUE,Independent,,,no,independent,certified-clean,Swiss-founded skincare. Both PETA + LB certified. Independent.,high
Aleph Beauty,,TRUE,FALSE,Independent,,,no,independent,certified-clean,Australian indie beauty brand. PETA certified. Independent.,medium
ALEVA NATURALS,Aleva Naturals,FALSE,TRUE,Independent,,,no,independent,certified-clean,Baby/family natural care brand. LB certified. Independent.,medium
Alexa Persico Cosmetics,,TRUE,FALSE,Independent,,,no,independent,certified-clean,Small indie cosmetics. PETA certified.,low
Alexami Cosmetics,,TRUE,FALSE,Independent,,,no,independent,certified-clean,Indie nail polish brand (Alexami = Alexandra Marinkovich). PETA certified. Australian.,medium
Alexandria Professional,,FALSE,TRUE,Independent,,,no,independent,certified-clean,Professional waxing/hair removal brand. LB certified. Independent.,medium
Alexis Vogel,,TRUE,FALSE,Independent,,,no,independent,certified-clean,Makeup brand by celebrity makeup artist Alexis Vogel. PETA certified. Independent.,medium
Algenist,,TRUE,FALSE,Tengram Capital Partners (PE),,,no,independent,certified-clean,Majority-owned by Tengram Capital Partners (PE firm) since 2016. Originally spun out of TerraVia (algae biotech). PETA certified. Tengram is not a bad/gray conglomerate; no China cosmetics sales found.,high
ALIDA PURE,Alida Pure,TRUE,TRUE,Independent,,,no,independent,certified-clean,Both PETA + LB certified indie brand.,medium
Alighten Natural Skin Care,Alighten,TRUE,FALSE,Independent,,,no,independent,certified-clean,Natural skincare brand. PETA certified. Independent.,low
Alimeri,,TRUE,FALSE,Independent,,,no,independent,certified-clean,PETA certified indie brand.,low
Alison Asia Pacific,,TRUE,FALSE,Independent,,,no,independent,certified-clean,Asia-Pacific region brand. PETA certified. Independent.,low
ALKAGLAM,Alkaglam,TRUE,FALSE,Independent,,,no,independent,certified-clean,PETA certified indie brand.,low
Alkemie,,TRUE,FALSE,Independent,,,no,independent,certified-clean,Polish natural cosmetics brand. PETA certified. Independent.,medium
All About Curls,,TRUE,FALSE,Independent,,,no,independent,certified-clean,Curly hair care brand. PETA certified. Independent.,medium
All About Feet,,FALSE,TRUE,Independent,,,no,independent,certified-clean,Foot care brand. LB certified. Independent.,low
All About Good Vibes,,TRUE,FALSE,Independent,,,no,independent,certified-clean,PETA certified indie brand.,low
All About Men,,FALSE,TRUE,Independent,,,no,independent,certified-clean,Men's grooming. LB certified. Independent.,low
All Care Products,,TRUE,FALSE,Independent,,,no,independent,certified-clean,PETA certified personal care. Independent.,low
All Golden,,TRUE,TRUE,Independent,,,no,independent,certified-clean,Both PETA + LB certified indie brand.,medium
All Good,,FALSE,TRUE,Independent,,,no,independent,certified-clean,"Outdoor/sun care brand (SPF, lip balm, skin repair). LB certified. Independent, B Corp certified.",high
All Good Scents,,TRUE,FALSE,Independent,,,no,independent,certified-clean,Natural fragrance/scent brand. PETA certified. Independent.,low
All Heart All The Time,,FALSE,TRUE,Independent,,,no,independent,certified-clean,LB certified indie brand.,low
All Natural Advice,,FALSE,TRUE,Independent,,,no,independent,certified-clean,LB certified natural beauty brand.,low
All Terrain,,TRUE,FALSE,Independent,,,no,independent,certified-clean,"Outdoor/sports personal care (insect repellent, sun care). PETA certified. Independent.",medium
All Things Jill,,FALSE,TRUE,Independent,,,no,independent,certified-clean,LB certified indie brand.,low
All-Nutrient,,TRUE,FALSE,Chuckles Inc.,,,no,independent,certified-clean,"Professional hair color/care. Parent: Chuckles Inc. — small independent company, not a conglomerate. PETA certified.",medium
allBambu,,TRUE,FALSE,Independent,,,no,independent,certified-clean,Bamboo-based personal care brand. PETA certified. Independent.,low
Allegresse 24 Karat Skincare,Allegresse 24K,FALSE,TRUE,Independent,,,no,independent,certified-clean,Luxury gold-infused skincare. LB certified. NOTE: same brand as 'Allegresse 24K Skincare' (PETA entry). Both entries refer to same brand.,medium
Allegresse 24K Skincare,Allegresse 24 Karat,TRUE,FALSE,Independent,,,no,independent,certified-clean,Luxury 24K gold skincare. PETA certified. Same brand as 'Allegresse 24 Karat Skincare' (LB entry) — name variant. Independent.,medium
Allens Naturally,Allen's Naturally,TRUE,FALSE,Independent,,,no,independent,certified-clean,Natural household cleaning brand. PETA certified. Independent.,medium
Alleyoop,,TRUE,TRUE,Independent,,,no,independent,certified-clean,Multi-tasking indie beauty brand. Both PETA + LB certified. Independent.,high
Allez Outdoor,,TRUE,FALSE,Independent,,,no,independent,certified-clean,Outdoor personal care brand. PETA certified. Independent.,low
Allies of Skin,,TRUE,FALSE,Independent,,,no,independent,certified-clean,Singapore-founded science-backed skincare. PETA certified. Independent. No China retail animal testing concern found.,high
AllMyFy,,TRUE,FALSE,Independent,,,no,independent,certified-clean,PETA certified indie brand.,low
ALLOYANatural,Alloya Natural,TRUE,FALSE,Independent,,,no,independent,certified-clean,PETA certified natural brand. Independent.,low
AllSaints,All Saints,FALSE,TRUE,Lion Capital / AllSaints Ltd,,,no,independent,certified-clean,British fashion/lifestyle brand with fragrance line. LB certified for fragrance. PE-backed (previously Lion Capital); no evidence of mainland China cosmetics/fragrance animal testing obligations.,medium
AllSan,,TRUE,FALSE,Independent,,,no,independent,certified-clean,PETA certified brand. Limited info; appears independent.,low
alltheFURRY,All The Furry,TRUE,FALSE,OOWN Co,,,no,independent,certified-clean,Pet care/grooming brand. Parent: OOWN Co — small independent brand portfolio company. PETA certified.,medium
Allurials,,TRUE,FALSE,Independent,,,no,independent,certified-clean,PETA certified indie brand.,low
Ally's AromaRemedies,Ally's Aroma Remedies,TRUE,FALSE,Independent,,,no,independent,certified-clean,Aromatherapy/natural remedies brand. PETA certified. Independent.,low
Allyoos,,TRUE,FALSE,Independent,,,no,independent,certified-clean,PETA certified indie brand.,low
Alma Nativa,,TRUE,FALSE,Independent,,,no,independent,certified-clean,Brazilian/Latin American natural cosmetics. PETA certified. Independent.,low
Alma Secret,,TRUE,FALSE,Independent,,,no,independent,certified-clean,Spanish natural cosmetics. PETA certified. Independent.,medium
Almay,,TRUE,FALSE,Revlon,,,yes,bad,certified-gray,Revlon owns Almay. Revlon sells cosmetics in China. Bad parent.,high
Almaya Orgânica,Almaya Organica,TRUE,FALSE,Independent,,,no,independent,certified-clean,Brazilian organic cosmetics. PETA certified. Independent.,low
Almo Nature,,TRUE,FALSE,Independent,,,no,independent,certified-clean,Italian pet care brand. PETA certified. Independent.,medium
Almora Botanica,,TRUE,FALSE,Independent,,,no,independent,certified-clean,UK botanical skincare. PETA certified. Independent.,medium
Aloe Plus,,TRUE,FALSE,Independent,,,no,independent,certified-clean,Aloe-based personal care. PETA certified. Independent.,low
Aloe Up,,TRUE,FALSE,Independent,,,no,independent,certified-clean,Aloe-based sun/skin care. PETA certified. Independent.,medium
Aloette Cosmetics,,TRUE,FALSE,Independent,,,no,independent,certified-clean,Direct-sales cosmetics brand. PETA certified. Independent.,medium
ALŌH,ALOH,FALSE,TRUE,Independent,,,no,independent,certified-clean,LB certified indie brand.,low
Aloisia Beauty,,FALSE,TRUE,Independent,,,no,independent,certified-clean,LB certified indie brand.,low
Alott Limited,,TRUE,FALSE,Independent,,,no,independent,certified-clean,PETA certified indie brand.,low
Aloxxi International,,TRUE,FALSE,Independent,,,no,independent,certified-clean,Professional hair color/care brand. PETA certified. Independent.,medium
ALPAYA Dermaceuticals,Alpaya,TRUE,FALSE,Independent,,,no,independent,certified-clean,Dermo-cosmetics brand. PETA certified. Independent.,low
Alpaya Dogal ve Kozmetik,,TRUE,FALSE,Independent,,,no,independent,certified-clean,Turkish natural cosmetics. PETA certified. Independent.,low
ALPCH,,TRUE,FALSE,Independent,,,no,independent,certified-clean,PETA certified brand. Limited info.,low
Alpen Secrets,,TRUE,FALSE,Independent,,,no,independent,certified-clean,Natural personal care brand. PETA certified. Independent.,low
Alpenkraft,,TRUE,FALSE,Independent,,,no,independent,certified-clean,Alpine-inspired cosmetics. PETA certified. Independent.,low
Alpha Organics,,FALSE,TRUE,Independent,,,no,independent,certified-clean,LB certified organic brand.,low
ALPHANOVA,Alphanova,TRUE,FALSE,Independent,,,no,independent,certified-clean,French organic baby/personal care. PETA certified. Independent.,medium
Alpine White,,TRUE,FALSE,Independent,,,no,independent,certified-clean,Swiss teeth whitening/oral care brand. PETA certified. Independent.,medium
Alpyn,Alpyn Beauty,FALSE,TRUE,Independent,,,no,independent,certified-clean,Wyoming-founded botanical skincare. LB certified. Independent.,medium
alquimiainsole,,TRUE,FALSE,Independent,,,no,independent,certified-clean,PETA certified brand. Likely Brazilian/Spanish.,low
ALQVIMIA,Alqvimia,TRUE,FALSE,Independent,,,no,independent,certified-clean,Spanish aromatherapy/luxury body care brand. PETA certified. Independent.,medium
Also Green,,FALSE,TRUE,Independent,,,no,independent,certified-clean,LB certified green indie brand.,low
Alter Ego,Alter Ego Italy,TRUE,FALSE,Independent,,,no,independent,certified-clean,Italian professional haircare. PETA certified. Independent.,medium
Alter:Bio,,FALSE,TRUE,Independent,,,no,independent,certified-clean,LB certified sustainable brand.,low
Altilis Beauty,,TRUE,FALSE,Independent,,,no,independent,certified-clean,Breadfruit-based skincare. PETA certified. Independent.,medium
Altresso,,TRUE,FALSE,Independent,,,no,independent,certified-clean,PETA certified brand. Limited info.,low
alva Naturkosmetik,alva,TRUE,FALSE,Independent,,,no,independent,certified-clean,German certified natural cosmetics brand. PETA certified. Independent.,medium
Always,,TRUE,FALSE,Procter & Gamble,,,yes,bad,certified-gray,"Feminine hygiene brand. P&G sells cosmetics in China. Bad parent. NOTE: 'Always' (P&G) hygiene products, not cosmetics specifically — but P&G parent status is bad.",high
Always Give a Damn,,FALSE,TRUE,Independent,,,no,independent,certified-clean,LB certified indie brand.,low
Alya Skin,,TRUE,FALSE,Independent,,,no,independent,certified-clean,Australian clay mask skincare brand. PETA certified. Independent.,medium
amac natural,,TRUE,FALSE,Independent,,,no,independent,certified-clean,Natural cosmetics brand. PETA certified.,low
Amacyn Natural Perfume,,TRUE,FALSE,Independent,,,no,independent,certified-clean,Natural perfume brand. PETA certified. Independent.,low
AMAEYYA,,TRUE,FALSE,Independent,,,no,independent,certified-clean,PETA certified brand. Limited info.,low
amai naturals,,TRUE,FALSE,Independent,,,no,independent,certified-clean,Natural beauty brand. PETA certified.,low
AMAL Cosmetics,,TRUE,FALSE,Madeleine Blair S.L.,,,no,independent,certified-clean,Parent: Madeleine Blair S.L. — small Spanish/independent company. PETA certified.,medium
Amala,,FALSE,TRUE,Independent,,,no,independent,certified-clean,Luxury Ayurvedic skincare. LB certified. Independent.,medium
Amalgam,,FALSE,TRUE,Independent,,,no,independent,certified-clean,LB certified indie brand.,low
Amalia Skincare,,TRUE,FALSE,Independent,,,no,independent,certified-clean,PETA certified skincare. Independent.,low
Amalsroom.com,Amalsroom,TRUE,FALSE,Independent,,,no,independent,certified-clean,PETA certified brand. Limited info.,low
AMALUMY,,FALSE,TRUE,Independent,,,no,independent,certified-clean,LB certified indie brand.,low
Amanda Ross Skin Care,,FALSE,TRUE,Independent,,,no,independent,certified-clean,LB certified skincare brand.,low
AmandaSteene,,TRUE,FALSE,Independent,,,no,independent,certified-clean,PETA certified indie brand.,low
Amandine Sol Botanicals,,TRUE,FALSE,Independent,,,no,independent,certified-clean,Botanical beauty brand. PETA certified. Independent.,low
Amara Beauty,,TRUE,FALSE,Independent,,,no,independent,certified-clean,PETA certified indie brand.,low
Amaranthine Beauty,,TRUE,FALSE,Independent,,,no,independent,certified-clean,PETA certified indie brand.,low
AMARI NEW YORK,Amari New York,TRUE,FALSE,Independent,,,no,independent,certified-clean,NYC indie beauty. PETA certified. Independent.,low
Amaru Cosmética ecológica,Amaru,TRUE,FALSE,Independent,,,no,independent,certified-clean,Ecological/natural cosmetics. PETA certified. Likely Latin American.,low
amatera,,TRUE,FALSE,Independent,,,no,independent,certified-clean,PETA certified indie brand.,low
Amaterasun,,TRUE,FALSE,Royal Pesona Indonesia,,,no,independent,certified-clean,Parent: Royal Pesona Indonesia — small Indonesian company. PETA certified. No China concerns.,medium
Amazon Premium Products,,TRUE,FALSE,Independent,,,no,independent,certified-clean,PETA certified personal care. Independent. NOTE: unrelated to Amazon.com.,medium
Amazônia New Face,Amazonia New Face,TRUE,FALSE,Independent,,,no,independent,certified-clean,Brazilian natural cosmetics. PETA certified. Independent.,low
Amazonia Skincare,,TRUE,FALSE,Independent,,,no,independent,certified-clean,Amazon/rainforest-inspired skincare. PETA certified. Independent.,low
Amber Budd Skincare,,FALSE,TRUE,Independent,,,no,independent,certified-clean,LB certified skincare brand.,low
Amber House Apothecary,,TRUE,FALSE,Independent,,,no,independent,certified-clean,Artisan apothecary brand. PETA certified. Independent.,low
Amber Renea,,FALSE,TRUE,Independent,,,no,independent,certified-clean,LB certified indie brand.,low
Ambi,,TRUE,FALSE,Kenvue (formerly J&J Consumer),,,yes,gray,certified-gray,"Skin brightening brand. Owned by J&J Consumer, now under Kenvue (J&J consumer spinoff 2023). Kenvue sells Neutrogena etc. in China. Gray parent.",medium
Ambientes Limpios,,TRUE,FALSE,Independent,,,no,independent,certified-clean,Spanish/Latin American cleaning/personal care. PETA certified.,low
AME,,TRUE,FALSE,LAM COSMÉTICOS S.A.S.,,,no,independent,certified-clean,Parent: LAM COSMÉTICOS S.A.S. — small Colombian company. PETA certified. Independent.,medium
âme pure,ame pure,TRUE,FALSE,Independent,,,no,independent,certified-clean,French natural cosmetics. PETA certified. Independent.,medium
Ameliorate Skincare Limited,Ameliorate,TRUE,FALSE,Independent,,,no,independent,certified-clean,UK skincare brand (keratosis pilaris). PETA certified. Independent.,medium
AMEON,,FALSE,TRUE,Independent,,,no,independent,certified-clean,LB certified indie brand.,low
American Eagle,AE; American Eagle Outfitters,TRUE,FALSE,American Eagle Outfitters (NYSE: AEO),,,yes,gray,certified-gray,"Fashion retailer with fragrance/beauty line. AEO has China stores. Post-2021 reform, fragrances exempt from animal testing. Gray due to China retail presence. Similar to A&F situation.",medium
American Formulating & Manufacturing,AFM; AFM Safecoat,TRUE,FALSE,Independent,,,no,independent,certified-clean,Low-VOC paints & cleaning products. PETA certified. Independent.,medium
American International,,TRUE,FALSE,Independent,,,no,independent,certified-clean,PETA certified. Likely professional beauty supply. Independent.,low
American Safety Razor,ASR,TRUE,FALSE,Independent,,,no,independent,certified-clean,Razor/shaving brand. PETA certified. Independent.,medium
AMI COLE,Ami Cole,TRUE,FALSE,Independent,,,no,independent,certified-clean,BIPOC-founded indie makeup brand. PETA certified. Independent.,high
Amie,,TRUE,FALSE,Independent,,,no,independent,certified-clean,UK teen/young adult skincare brand. PETA certified. Independent.,medium
AMIEVA SPA,Amieva Spa,TRUE,FALSE,Independent,,,no,independent,certified-clean,Spa/body care brand. PETA certified. Independent.,low
Amika,amika hair,TRUE,TRUE,Bansk Group,,,no,independent,certified-clean,"Acquired by Bansk Group (PE, founded by ex-Coty/Reckitt CEO Bart Becht) in 2022. Both PETA + LB. Bansk is an independent brand portfolio, not a bad/gray conglomerate. No China concerns.",high
AMINO ANIMO,,TRUE,FALSE,Physis Laboratory,,,no,independent,certified-clean,Parent: Physis Laboratory — small independent lab. PETA certified. No China concerns.,medium
Aminu Wellness Pvt.Ltd,Aminu Wellness,TRUE,FALSE,Independent,,,no,independent,certified-clean,Indian wellness brand. PETA certified. Independent.,medium
Amly,Amly Botanics,TRUE,FALSE,Independent,,,no,independent,certified-clean,UK botanical silver/plant skincare. PETA certified. Independent.,medium
amo como soy,,TRUE,FALSE,Independent,,,no,independent,certified-clean,PETA certified brand. Likely Spanish/Latin American.,low
Amoha Wellness,,TRUE,FALSE,Independent,,,no,independent,certified-clean,Wellness/personal care brand. PETA certified. Independent.,low
Amon & Anis,,TRUE,FALSE,Independent,,,no,independent,certified-clean,PETA certified indie brand.,low
Amor Luminis,,TRUE,FALSE,Independent,,,no,independent,certified-clean,PETA certified indie brand.,low
Amore Pet Foods,,TRUE,FALSE,Independent,,,no,independent,certified-clean,Pet food/care. PETA certified. Independent.,low
Amorus USA,,TRUE,FALSE,Independent,,,no,independent,certified-clean,US cosmetics brand. PETA certified. Independent.,low
Amour Your Body,,TRUE,FALSE,Independent,,,no,independent,certified-clean,Body care brand. PETA certified. Independent.,low
Amplify Cosmetics,,TRUE,FALSE,Independent,,,no,independent,certified-clean,PETA certified cosmetics. Independent.,low
Amrita LLC,Amrita Aromatherapy,TRUE,FALSE,Independent,,,no,independent,certified-clean,Aromatherapy/essential oils brand. PETA certified. Independent.,medium
Amrutam Pharmaceuticals,Amrutam,TRUE,FALSE,Independent,,,no,independent,certified-clean,Indian Ayurvedic brand. PETA certified. Independent.,medium
Amvï Cosméticos Naturais,Amvi Cosmeticos Naturais,TRUE,FALSE,Independent,,,no,independent,certified-clean,Brazilian natural cosmetics. PETA certified. Independent.,low
Amyla Cosmetics,,TRUE,FALSE,Independent,,,no,independent,certified-clean,PETA certified cosmetics. Independent.,low
Amyris,,TRUE,FALSE,Amyris Inc. (Chapter 11 2023; restructuring),,,no,independent,needs-review,"Amyris filed Ch.11 bankruptcy Aug 2023 and auctioned consumer brands (Biossance→THG, JVN→Windsong, Pipette→HRB, etc.). The 'Amyris' PETA entry refers to the corporate entity itself. Corporate status post-restructuring unclear. Flag.",medium
An Earthy Touch,,TRUE,FALSE,Independent,,,no,independent,certified-clean,PETA certified natural brand. Independent.,low
Ana Carttori New York,,FALSE,TRUE,Independent,,,no,independent,certified-clean,LB certified indie brand.,low
Ana Hickmann Makeup,,TRUE,FALSE,Independent,,,no,independent,certified-clean,Brazilian celebrity makeup brand. PETA certified. Independent.,medium
Ana Hickmann Unique Skin,,TRUE,FALSE,Independent,,,no,independent,certified-clean,Brazilian celebrity skincare. PETA certified. Independent. Same founder as Ana Hickmann Makeup.,medium
ananné AG,ananne,TRUE,FALSE,Independent,,,no,independent,certified-clean,Swiss indie cosmetics. PETA certified. Independent.,medium
Anastasia Beverly Hills,ABH,TRUE,FALSE,Independent (founder-controlled; TPG minority stake),,,no,independent,certified-clean,"Founded by Anastasia Soare. TPG Capital had minority stake (2018); founder recapitalized with $225M in Jan 2026, reducing TPG. Founder majority owner. PETA certified. No China concerns.",high
Ancient Egyptian Bath And Body Elixirs,,FALSE,TRUE,Independent,,,no,independent,certified-clean,LB certified artisan brand.,low
Ancient Formulas,,TRUE,FALSE,Independent,,,no,independent,certified-clean,PETA certified herbal/ancient remedy brand. Independent.,low
Ancient India,,TRUE,FALSE,Independent,,,no,independent,certified-clean,Indian-origin natural cosmetics. PETA certified. Independent.,low
Ancient Secrets,,TRUE,TRUE,Independent,,,no,independent,certified-clean,Both PETA + LB certified. Natural/Ayurvedic brand. Independent.,medium
Andalou Naturals,,TRUE,TRUE,Seaweed Bath Co. (acquired Jul 2024 from BWX Ltd.),,,no,independent,certified-clean,Parent: Seaweed Bath Co. (acquired from Australian conglomerate BWX Ltd. in July 2024). Both PETA + LB. Seaweed Bath Co. is a small independent natural brand — not a bad/gray parent.,high
Anderdogs,,TRUE,FALSE,Independent,,,no,independent,certified-clean,PETA certified indie brand.,low
Anderson + Joy,,TRUE,FALSE,Independent,,,no,independent,certified-clean,PETA certified indie brand.,low
Andrea International Industries,,TRUE,FALSE,Independent,,,no,independent,certified-clean,Professional beauty supply. PETA certified. Independent.,medium
Andrea Lord,,FALSE,TRUE,Independent,,,no,independent,certified-clean,LB certified indie brand.,low
Andrew Fitzsimons Professional Haircare,Andrew Fitzsimons,TRUE,FALSE,Independent,,,no,independent,certified-clean,Celebrity hairstylist's indie brand. PETA certified. Independent.,medium
ANGEL HOLD™ STYLING CREAM,Angel Hold,FALSE,TRUE,Independent,,,no,independent,certified-clean,LB certified styling brand.,low
Angel Minerals,,TRUE,FALSE,Independent,,,no,independent,certified-clean,German mineral cosmetics. PETA certified. Independent.,medium
Angela Caglia Skincare,,FALSE,TRUE,Independent,,,no,independent,certified-clean,Celebrity facialist's skincare line. LB certified. Independent.,medium
ANGELCOCO,,TRUE,FALSE,Neontech,,,no,independent,certified-clean,Parent: Neontech — small independent company. PETA certified.,medium
Angelstick®,Angelstick,FALSE,TRUE,Independent,,,no,independent,certified-clean,LB certified indie brand.,low
Angie Watts,,FALSE,TRUE,Independent,,,no,independent,certified-clean,LB certified indie brand.,low
Angie Watts Naturals,,TRUE,FALSE,Independent,,,no,independent,certified-clean,Natural personal care. PETA certified. Independent.,low
Aniise Natural Skincare and Cosmetics,Aniise,TRUE,FALSE,Independent,,,no,independent,certified-clean,Natural skincare/cosmetics. PETA certified. Independent.,low
Animal Brain Beauty,,FALSE,TRUE,Independent,,,no,independent,certified-clean,LB certified indie brand.,low
Animal Human Alliance,,TRUE,FALSE,Independent,,,no,independent,certified-clean,PETA certified brand. Animal welfare-focused.,low
Anis Herbocosmetica,,TRUE,FALSE,Independent,,,no,independent,certified-clean,Herbal cosmetics brand. PETA certified. Likely Spanish/Latin American.,low
Anisa Beauty,,TRUE,FALSE,Independent,,,no,independent,certified-clean,Makeup brushes/tools brand. PETA certified. Independent.,medium
Anise Cosmetics,,TRUE,FALSE,Independent,,,no,independent,certified-clean,PETA certified cosmetics. Independent.,low
Anjoize Ltd,,TRUE,FALSE,Independent,,,no,independent,certified-clean,PETA certified brand. Independent.,low
Anjolie,,TRUE,FALSE,Independent,,,no,independent,certified-clean,PETA certified indie brand.,low
annà museo,anna museo,FALSE,TRUE,Independent,,,no,independent,certified-clean,LB certified indie brand.,low
Anna Sui,,TRUE,FALSE,Kose Corporation (Japan),,,yes,bad,certified-gray,Cosmetics owned by Kose Corp (Japan) via subsidiary. Kose tests on animals for Chinese market and sells cosmetics in China. Bad parent. Anna Sui beauty = certified-gray.,high
Annabelle,,TRUE,FALSE,Groupe Marcelle,,,no,independent,certified-clean,"Parent: Groupe Marcelle — independent Canadian cosmetics co. (est. 1941, Montreal). PETA certified. No China concerns.",high
Annabelle Minerals,,TRUE,FALSE,Independent,,,no,independent,certified-clean,Polish mineral cosmetics. PETA certified. Independent.,medium
Annemarie Börlind,Annemarie Borlind,TRUE,FALSE,Independent,,,no,independent,certified-clean,German certified natural cosmetics (BDIH). PETA certified. Independent family company.,high
ANNI,,FALSE,TRUE,Independent,,,no,independent,certified-clean,LB certified indie brand.,low
Annie Fannie's Sunshine LLC,Annie Fannie's Sunshine,FALSE,TRUE,Independent,,,no,independent,certified-clean,LB certified artisan brand.,low
Annmarie Skin Care,Annmarie Gianni,FALSE,TRUE,Independent,,,no,independent,certified-clean,Organic wild-crafted skincare. LB certified. Independent.,medium
Anoint,,TRUE,FALSE,Independent,,,no,independent,certified-clean,PETA certified indie brand.,low
Anointment Natural Skin Care Inc.,Anointment,FALSE,TRUE,Independent,,,no,independent,certified-clean,Canadian natural baby/family care. LB certified. Independent.,medium
Anokha Skin Care,,TRUE,FALSE,Independent,,,no,independent,certified-clean,Ayurvedic-inspired skincare. PETA certified. Independent.,medium
anokha®,,FALSE,TRUE,Independent,,,no,independent,certified-clean,LB certified indie brand. NOTE: possibly same brand as 'Anokha Skin Care' with different name/slug.,low
Anomaly Haircare,,TRUE,FALSE,Independent,,,no,independent,certified-clean,Founded by Priyanka Chopra Jonas (2021). Affordable haircare sold at Target. PETA certified. Independent.,high
ANSWR,,TRUE,FALSE,Independent,,,no,independent,certified-clean,PETA certified brand. Limited info.,low
ANTATI,,TRUE,FALSE,Independent,,,no,independent,certified-clean,PETA certified indie brand.,low
Antevorta Laboratories,,FALSE,TRUE,Independent,,,no,independent,certified-clean,LB certified beauty/lab brand.,low
Antheia Essentials by Easy Feel Products,Antheia Essentials,TRUE,FALSE,Independent,,,no,independent,certified-clean,PETA certified natural brand. Independent.,low
Anthony Skin,Anthony,TRUE,FALSE,Independent,,,no,independent,certified-clean,Men's skincare brand. PETA certified. Independent.,medium
Anti-Aging Hair Treatment,,TRUE,FALSE,Independent,,,no,independent,certified-clean,PETA certified haircare brand.,low
Antonin .B,Antonin B,TRUE,FALSE,Independent,,,no,independent,certified-clean,PETA certified indie brand.,low
Anua,,TRUE,FALSE,The Founders (brand incubator; Seoul Korea),,,yes,gray,certified-gray,"Korean skincare brand by The Founders incubator. Sells in China (physical retail and online). Post-2021 reform, most skincare qualifies as general cosmetics exempt from animal testing. PETA certified but China retail presence warrants gray flag.",medium
ANUKO,,TRUE,FALSE,Anko Cosmetics,,,no,independent,certified-clean,Parent: Anko Cosmetics — small independent company. PETA certified.,medium
Anyong,,TRUE,FALSE,Independent,,,no,independent,certified-clean,PETA certified indie brand.,low
Anyra Cosmetics,,TRUE,FALSE,Independent,,,no,independent,certified-clean,PETA certified cosmetics. Independent.,low
ao FEEL THE LIFE,ao Feel the Life,TRUE,FALSE,Independent,,,no,independent,certified-clean,PETA certified indie brand.,low
Ao Skincare,,TRUE,TRUE,Independent,,,no,independent,certified-clean,Both PETA + LB certified skincare. Independent.,medium
AOA Beauty,,TRUE,FALSE,Independent,,,no,independent,certified-clean,Affordable indie makeup brand. PETA certified. Independent.,medium
AOB Products,,FALSE,TRUE,Independent,,,no,independent,certified-clean,LB certified indie brand.,low
Aparascent,,TRUE,FALSE,Independent,,,no,independent,certified-clean,PETA certified scent brand.,low
Apeel Aesthetics Naturals,,FALSE,TRUE,Independent,,,no,independent,certified-clean,LB certified natural brand.,low
Aphotetic,,TRUE,FALSE,Independent,,,no,independent,certified-clean,PETA certified indie brand.,low
Aphrodite Razors,,TRUE,FALSE,Independent,,,no,independent,certified-clean,Women's razor brand. PETA certified. Independent.,medium
Apiarium,,TRUE,FALSE,Independent,,,no,independent,certified-clean,Bee-inspired (propolis/honey) cosmetics. PETA certified. Independent.,medium
Apo.Ge,,FALSE,TRUE,Independent,,,no,independent,certified-clean,LB certified indie brand.,low
APOEM,,TRUE,FALSE,Independent,,,no,independent,certified-clean,PETA certified indie brand.,low
Apollo and Artemis Beauty,,TRUE,FALSE,Independent,,,no,independent,certified-clean,PETA certified indie brand.,low
Apollo Dion,,TRUE,FALSE,Independent,,,no,independent,certified-clean,PETA certified indie brand.,low
Apot.care,Apot Care,TRUE,FALSE,Independent,,,no,independent,certified-clean,PETA certified skincare. Independent.,medium
Apoterra,,FALSE,TRUE,Independent,,,no,independent,certified-clean,Organic skincare. LB certified. Independent.,medium
Apothecary Shoppe,,TRUE,FALSE,Independent,,,no,independent,certified-clean,PETA certified apothecary brand.,low
Apothekary,,TRUE,FALSE,Independent,,,no,independent,certified-clean,Plant-based wellness/supplements. PETA certified. Independent.,medium
Apotheke,,TRUE,FALSE,Independent,,,no,independent,certified-clean,Clean candle/bath brand. PETA certified. Independent.,medium
Apothepurity,,FALSE,TRUE,Independent,,,no,independent,certified-clean,LB certified indie brand.,low
Appalachian Growers,,FALSE,TRUE,Independent,,,no,independent,certified-clean,LB certified plant-based brand.,low
APPLE & BEARS,Apple and Bears,TRUE,FALSE,Independent,,,no,independent,certified-clean,UK natural baby/family care. PETA certified. Independent.,medium
Apple Island Naturals,,TRUE,FALSE,Independent,,,no,independent,certified-clean,PETA certified natural brand. Independent.,low
Apple Valley Natural Soap,,FALSE,TRUE,Independent,,,no,independent,certified-clean,LB certified artisan soap brand.,low
Applied Beauty Products,,TRUE,FALSE,Baobab Group,,,no,independent,certified-clean,Parent: Baobab Group — small independent beauty group. PETA certified.,medium
Applied Bio Laboratories,,TRUE,FALSE,Independent,,,no,independent,certified-clean,PETA certified bio/lab brand.,medium
Apricot,,TRUE,FALSE,Independent,,,no,independent,certified-clean,PETA certified indie brand. Likely German (Apricot GmbH).,medium
Apsara Skin Care,,TRUE,FALSE,Independent,,,no,independent,certified-clean,Ayurvedic skincare. PETA certified. Independent.,medium
APT.,,FALSE,TRUE,Independent,,,no,independent,certified-clean,LB certified indie brand.,low
APTO Skincare,,TRUE,TRUE,Independent,,,no,independent,certified-clean,Both PETA + LB certified minimal skincare. Independent.,medium
APUREE,,TRUE,TRUE,Independent,,,no,independent,certified-clean,Both PETA + LB certified indie brand.,low
Aqua di Parma,Acqua di Parma,TRUE,FALSE,LVMH,,,yes,bad,certified-gray,Note: likely 'Acqua di Parma.' LVMH-owned Italian fragrance/skincare house. LVMH sells cosmetics in China. Bad parent.,high
Aqua Natural,,TRUE,TRUE,Independent,,,no,independent,certified-clean,Both PETA + LB certified. Independent.,low
Aquababy,,TRUE,FALSE,Independent,,,no,independent,certified-clean,Baby skin care. PETA certified. Independent.,low
Aquafresh,,TRUE,FALSE,Haleon (formerly GSK Consumer),,,yes,gray,certified-gray,"Toothpaste brand. Parent: Haleon (spun off from GSK 2022, LSE: HLN). Haleon sells consumer health products including in China. Gray parent. Brand itself is oral care not cosmetics.",medium
AquaGuard,,FALSE,TRUE,Independent,,,no,independent,certified-clean,LB certified hair protectant brand. Independent.,medium
Aqualogica,,TRUE,FALSE,Independent,,,no,independent,certified-clean,Indian skincare brand. PETA certified. Independent.,medium
Aquila Innovations,,TRUE,FALSE,Independent,,,no,independent,certified-clean,PETA certified brand. Independent.,low
Aquilegia,,TRUE,FALSE,Independent,,,no,independent,certified-clean,PETA certified indie brand.,low
ARA´KAI BEAUTY,Arakai Beauty,TRUE,FALSE,Independent,,,no,independent,certified-clean,PETA certified indie beauty. Independent.,low
Arabella Cosmetics,,TRUE,FALSE,Independent,,,no,independent,certified-clean,PETA certified cosmetics. Independent.,low
ARABORA,,TRUE,FALSE,ARAMEDIHEAL,,,no,independent,certified-clean,Parent: ARAMEDIHEAL — small independent company. PETA certified.,medium
Araceli Beauty,,FALSE,TRUE,Independent,,,no,independent,certified-clean,Latina-founded indie makeup. LB certified. Independent.,medium
Aramis,,TRUE,FALSE,Estée Lauder Companies,,,yes,bad,certified-gray,Men's grooming/fragrance. Parent: Estée Lauder sells cosmetics in China. Bad parent.,high
Aramore Skincare,,FALSE,TRUE,Independent,,,no,independent,certified-clean,LB certified skincare. Independent.,low
Aranya Holistic Skincare,,TRUE,FALSE,Independent,,,no,independent,certified-clean,Holistic skincare. PETA certified. Independent.,low
Arata,,TRUE,FALSE,Independent,,,no,independent,certified-clean,Indian haircare brand. PETA certified. Independent.,medium
Arbolito Colorido,,TRUE,FALSE,Independent,,,no,independent,certified-clean,PETA certified brand. Likely Latin American.,low
Arbonne International,Arbonne,TRUE,FALSE,Groupe Rocher,,,gray,gray,certified-gray,"Parent: Groupe Rocher, which owns Yves Rocher — Yves Rocher sells in China. Arbonne itself does not sell in China and maintains CF pledge. Parent group has China sales via other brands. Gray.",high
Arbor Organic Technologies,,TRUE,FALSE,Independent,,,no,independent,certified-clean,Organic ingredients/technologies. PETA certified. Independent.,medium
Arches & Halos,Arches and Halos,TRUE,FALSE,Independent,,,no,independent,certified-clean,Brow grooming brand. PETA certified. Independent.,medium
ARCHIE COSMETICS CO.,Archie Cosmetics,TRUE,FALSE,Independent,,,no,independent,certified-clean,PETA certified cosmetics. Independent.,low
ARCONA,,FALSE,TRUE,Independent,,,no,independent,certified-clean,Spa-grade skincare. LB certified. Independent.,medium
Arctic Cure,,TRUE,FALSE,Independent,,,no,independent,certified-clean,PETA certified brand. Independent.,low
Arctic Fox Hair Color,Arctic Fox,TRUE,TRUE,Independent,,,no,independent,certified-clean,Vegan semi-permanent hair color. Both PETA + LB. Independent. Popular indie brand.,high
Ardell Beauty,,FALSE,TRUE,American International Industries,,,no,independent,certified-clean,"Makeup line from Ardell. Parent: AII — independent family-owned (Zvi Ryzman, est. 1970). LB certified. No China concerns.",high
Ardell International,Ardell,TRUE,FALSE,American International Industries,,,no,independent,certified-clean,Professional false lash brand. Parent: AII — independent family-owned. PETA certified. No China concerns.,high
Areté,Arete,FALSE,TRUE,Independent,,,no,independent,certified-clean,LB certified indie brand.,low
Areu Areu,,TRUE,FALSE,Independent,,,no,independent,certified-clean,PETA certified indie brand.,low
Argabody,,TRUE,FALSE,Independent,,,no,independent,certified-clean,Body care brand. PETA certified. Independent.,low
Arganat,,TRUE,FALSE,Independent,,,no,independent,certified-clean,Argan oil beauty brand. PETA certified. Independent.,low
Argand'Or,Argand Or,TRUE,FALSE,Independent,,,no,independent,certified-clean,Moroccan argan oil brand. PETA certified. Independent.,medium
Arganoel-Zauber,Arganoel Zauber,TRUE,FALSE,Independent,,,no,independent,certified-clean,German argan oil cosmetics. PETA certified. Independent.,low
Argital,,TRUE,FALSE,Independent,,,no,independent,certified-clean,Italian green clay cosmetics. PETA certified. Independent.,medium
Ariana Grande Fragrances,Ariana Grande,FALSE,TRUE,Luxe Brands Florida (licensed),,,no,independent,certified-clean,Licensed through Luxe Brands Florida. LB certified. Not sold in China. Explicitly cruelty-free and does not sell where animal testing is required.,high
Aribella,,FALSE,TRUE,Independent,,,no,independent,certified-clean,LB certified indie brand.,low
Arielle Shoshana,,FALSE,TRUE,Independent,,,no,independent,certified-clean,Fragrance/beauty brand. LB certified. Independent.,medium
ARIIX,,TRUE,FALSE,NewAge Inc. (bankrupt 2022; restructuring),,,no,independent,needs-review,MLM wellness brand. ARIIX merged with Morinda/NewAge Inc. (~2021). NewAge filed bankruptcy 2022. Corporate status post-restructuring unclear. Flag.,medium
Arilan Skincare,,TRUE,TRUE,Independent,,,no,independent,certified-clean,Both PETA + LB certified skincare. Independent.,medium
Arissa Studios,,TRUE,FALSE,Beauty 21,,,no,independent,certified-clean,Parent: Beauty 21 — small independent cosmetics company. PETA certified.,medium
Aristocrat,,TRUE,FALSE,Independent,,,no,independent,certified-clean,PETA certified indie brand.,low
Arius Cosmetics,,FALSE,TRUE,Independent,,,no,independent,certified-clean,LB certified cosmetics. Independent.,low
Arm & Hammer,Arm and Hammer,TRUE,FALSE,Church & Dwight,,,gray,gray,certified-gray,Baking soda/personal care brand. Parent: Church & Dwight — sells household products in China; beauty division unclear. Gray parent per master CSV.,high
Armor All®,Armor All,TRUE,FALSE,Energizer Holdings,,,no,independent,certified-clean,Automotive care brand. Parent: Energizer Holdings (NYSE: ENR). Primarily batteries/automotive — not a cosmetics bad parent. PETA certified.,medium
AROLAB Organic,Arolab,TRUE,FALSE,Independent,,,no,independent,certified-clean,Organic cosmetics brand. PETA certified. Independent.,low
Aroma Bella,,TRUE,TRUE,Independent,,,no,independent,certified-clean,Both PETA + LB certified aromatic beauty brand. Independent.,low
Aroma Crystal Therapy,,TRUE,FALSE,Independent,,,no,independent,certified-clean,Crystal/aromatherapy brand. PETA certified. Independent.,low
Aroma Home,,FALSE,TRUE,Independent,,,no,independent,certified-clean,LB certified home aromatherapy brand.,low
Aroma Naturals,,TRUE,FALSE,Independent,,,no,independent,certified-clean,Natural aromatherapy brand. PETA certified. Independent.,low
Aroma Prodigy,,FALSE,TRUE,Independent,,,no,independent,certified-clean,LB certified aromatherapy brand.,low
Aroma Roots,,TRUE,FALSE,Independent,,,no,independent,certified-clean,PETA certified aromatherapy brand. Independent.,low
Aroma Selena,,TRUE,FALSE,Independent,,,no,independent,certified-clean,PETA certified aroma brand. Independent.,low
Aromacare Victoria,,TRUE,FALSE,Independent,,,no,independent,certified-clean,Aromatherapy/care brand. PETA certified. Independent.,low
Aromafloria,,TRUE,FALSE,Independent,,,no,independent,certified-clean,Aromatherapy spa products. PETA certified. Independent.,medium
AromaHome by Slatkin + Co.,AromaHome; Slatkin Co,TRUE,FALSE,Independent,,,no,independent,certified-clean,Home fragrance brand. PETA certified. Independent.,medium
Aromaland,,TRUE,FALSE,Independent,,,no,independent,certified-clean,Aromatherapy/essential oils. PETA certified. Independent.,medium
"Aromaleigh, Inc.",Aromaleigh,TRUE,FALSE,Independent,,,no,independent,certified-clean,Indie mineral cosmetics. PETA certified. Independent.,medium
Aromalief,,TRUE,FALSE,Independent,,,no,independent,certified-clean,Aromatherapy relief brand. PETA certified. Independent.,low
Aromanthi,,TRUE,FALSE,Independent,,,no,independent,certified-clean,Aromatherapy/mindfulness brand. PETA certified. Independent.,low
Aromas By Flo,,TRUE,FALSE,Independent,,,no,independent,certified-clean,PETA certified artisan scent brand. Independent.,low
Aromatherapy by Whole Spectrum,,TRUE,FALSE,Independent,,,no,independent,certified-clean,PETA certified aromatherapy brand.,low
Aromatherapy Rituals,,FALSE,TRUE,Independent,,,no,independent,certified-clean,LB certified aromatherapy brand.,low
Aromatic Creation,,FALSE,TRUE,Independent,,,no,independent,certified-clean,LB certified aromatic brand.,low
Aromatika,,TRUE,FALSE,Independent,,,no,independent,certified-clean,PETA certified aromatherapy brand. Independent.,low
Aromazotika,,TRUE,FALSE,Independent,,,no,independent,certified-clean,PETA certified aroma brand. Independent.,low
Aromi,,TRUE,FALSE,Independent,,,no,independent,certified-clean,Natural fragrance/body care. PETA certified. Independent.,low
AROMTERRAPET,,TRUE,FALSE,Independent,,,no,independent,certified-clean,Pet aromatherapy brand. PETA certified.,low
Arooba,,TRUE,FALSE,Independent,,,no,independent,certified-clean,PETA certified indie brand.,low
Array of Shades,,TRUE,FALSE,Independent,,,no,independent,certified-clean,PETA certified cosmetics. Independent.,low
Arriani Pharmaceuticals,,TRUE,FALSE,Independent,,,no,independent,certified-clean,PETA certified pharma/beauty brand. Independent.,low
Arrid,,TRUE,FALSE,Church & Dwight,,,gray,gray,certified-gray,Deodorant brand. Parent: Church & Dwight. Gray parent per master CSV.,high
ART BRÜT,Art Brut,TRUE,FALSE,Independent,,,no,independent,certified-clean,PETA certified indie brand.,low
ART Cosmetics,,TRUE,FALSE,Independent,,,no,independent,certified-clean,PETA certified cosmetics. Independent.,low
Artemis Life,,TRUE,FALSE,Independent,,,no,independent,certified-clean,PETA certified wellness brand. Independent.,low
Artemis Pet Food,,TRUE,FALSE,Independent,,,no,independent,certified-clean,Pet food/care. PETA certified. Independent.,low
ARTISANskin,Artisan Skin,TRUE,FALSE,Independent,,,no,independent,certified-clean,Artisan skincare. PETA certified. Independent.,low
Artist Couture,,TRUE,FALSE,Independent,,,no,independent,certified-clean,Highlighter/makeup brand. PETA certified. Independent.,medium
artnaturals,art naturals,TRUE,FALSE,Independent,,,no,independent,certified-clean,Affordable natural personal care. PETA certified. Independent (Amazon-native brand).,medium
ArtOnIt Makeup,,TRUE,FALSE,Independent,,,no,independent,certified-clean,PETA certified indie makeup. Independent.,low
ArtPOP Cosmetics,,TRUE,FALSE,Independent,,,no,independent,certified-clean,PETA certified cosmetics. Independent.,low
Arunas E.I.R.L.,Arunas,TRUE,FALSE,Independent,,,no,independent,certified-clean,PETA certified brand. Likely Peruvian. Independent.,low
Arvesha Ayurvedic,,TRUE,FALSE,Independent,,,no,independent,certified-clean,Ayurvedic personal care. PETA certified. Independent.,low
Arya Laya,,TRUE,FALSE,Independent,,,no,independent,certified-clean,Natural cosmetics brand. PETA certified. Likely German/European.,medium
ARYANA,,TRUE,FALSE,Independent,,,no,independent,certified-clean,PETA certified indie brand.,low
As I Am,,TRUE,FALSE,Avlon Industries,yes,,no,independent,certified-clean,"Curly/textured hair care. Parent: Avlon Industries (Dr. Ali Syed, Melrose Park IL). Avlon is a Black-owned independent company. PETA certified. No China concerns.",high
AS OF TODAY,,FALSE,TRUE,Independent,,,no,independent,certified-clean,LB certified indie brand.,low
Asa Beauty,,TRUE,FALSE,Independent,,,no,independent,certified-clean,PETA certified indie beauty. Independent.,low
ASCENTION BEAUTY CO.,Ascention Beauty,TRUE,FALSE,Independent,,,no,independent,certified-clean,PETA certified indie brand.,low
ASCENTION Parfums,Ascention Parfums,FALSE,TRUE,Independent,,,no,independent,certified-clean,LB certified fragrance brand. Independent.,low
ashakii,,TRUE,FALSE,Independent,,,no,independent,certified-clean,PETA certified indie brand.,low
Ashanti Naturals,,FALSE,TRUE,Independent,,,no,independent,certified-clean,LB certified natural brand.,low
Ashba Botanicals,,TRUE,FALSE,Independent,,,no,independent,certified-clean,Botanical skincare. PETA certified. Independent.,low
Ashley Joy Ic ve Dıs Ticaret Pazarlama Anonim Sirketi,Ashley Joy,TRUE,FALSE,Independent,,,no,independent,certified-clean,Turkish beauty company. PETA certified. Independent.,medium
ask natural,,TRUE,FALSE,Independent,,,no,independent,certified-clean,Natural personal care. PETA certified. Independent.,low
Asklepios Garden,,FALSE,TRUE,Independent,,,no,independent,certified-clean,LB certified botanical brand.,low
Asna Beauty,,FALSE,TRUE,Independent,,,no,independent,certified-clean,LB certified indie beauty.,low
Aspen Glow,,FALSE,TRUE,Independent,,,no,independent,certified-clean,LB certified indie brand.,low
AspenClean,,TRUE,TRUE,Independent,,,no,independent,certified-clean,Canadian certified natural cleaning products. Both PETA + LB. Independent.,high
Aspi,,FALSE,TRUE,Independent,,,no,independent,certified-clean,LB certified indie brand.,low
Assembled Skincare,,TRUE,FALSE,Independent,,,no,independent,certified-clean,PETA certified skincare. Independent.,low
Aster Skincare,,FALSE,TRUE,Independent,,,no,independent,certified-clean,LB certified skincare. Independent.,low
Asterwood,Asterwood Naturals,FALSE,TRUE,Independent,,,no,independent,certified-clean,Natural skincare/haircare. LB certified. Independent.,medium
ästhetik skincare,asthetik skincare,FALSE,TRUE,Independent,,,no,independent,certified-clean,LB certified skincare. Independent.,low
ASTIS,,TRUE,FALSE,Independent,,,no,independent,certified-clean,PETA certified brand. Independent.,low
Astonea,,TRUE,FALSE,Independent,,,no,independent,certified-clean,PETA certified indie brand.,low
Astonish Cleaning Products,Astonish,TRUE,TRUE,Independent,,,no,independent,certified-clean,UK cleaning products. Both PETA + LB certified. Independent.,high
Asutra,,TRUE,FALSE,Independent,,,no,independent,certified-clean,Wellness/magnesium/bath brand. PETA certified. Independent.,medium
At Last Naturals,,TRUE,FALSE,Independent,,,no,independent,certified-clean,Natural personal care. PETA certified. Independent.,low
Ataraxia Cosmética Vegetal,Ataraxia,TRUE,FALSE,Independent,,,no,independent,certified-clean,Vegan cosmetics brand. PETA certified. Likely Spanish/Latin American.,low
Ateh Jewel Beauty,,TRUE,FALSE,Independent,,,no,independent,certified-clean,UK indie beauty brand. PETA certified. Independent.,medium
Atelier Cologne,,TRUE,FALSE,L'Oréal,,,yes,bad,certified-gray,Acquired by L'Oréal. L'Oréal sells cosmetics in China. Bad parent. PETA lists the brand.,high
Atelier Populaire,,TRUE,FALSE,Independent,,,no,independent,certified-clean,PETA certified artisan beauty. Independent.,low
ATGENE Inc.,Atgene,TRUE,FALSE,Independent,,,no,independent,certified-clean,PETA certified brand. Independent.,low
Athar'a,,TRUE,FALSE,Independent,,,no,independent,certified-clean,PETA certified skincare. Independent.,medium
Athar'a Pure,Athara Pure,FALSE,TRUE,Independent,,,no,independent,certified-clean,LB certified skincare. Independent. Likely same brand family as Athar'a.,medium
ATHLETIC COSMETIC COMPANY LLC,Athletic Cosmetic Company,FALSE,TRUE,Independent,,,no,independent,certified-clean,LB certified sport/active cosmetics. Independent.,low
Athletic Hands,,FALSE,TRUE,Independent,,,no,independent,certified-clean,LB certified hand care for athletes. Independent.,low
ATHR Beauty,Athr Beauty,TRUE,FALSE,Independent,,,no,independent,certified-clean,Crystal-infused indie makeup. PETA certified. Independent.,medium
Ativo Skincare,,FALSE,TRUE,Independent,,,no,independent,certified-clean,LB certified skincare. Independent.,low
Atlanta Bath Company,,TRUE,FALSE,Independent,,,no,independent,certified-clean,Artisan bath products. PETA certified. Independent.,low
Atlas Rose,,FALSE,TRUE,Independent,,,no,independent,certified-clean,LB certified indie brand.,low
ATO OGEL,,TRUE,FALSE,DOCTOR DEMAGEL Inc.,,,no,independent,certified-clean,Parent: DOCTOR DEMAGEL Inc. — small independent company. PETA certified.,medium
Atomic Makeup,,TRUE,FALSE,Independent,,,no,independent,certified-clean,PETA certified indie makeup. Independent.,low
Attindas Hygiene Partners,Attindas,TRUE,FALSE,Independent,,,no,independent,certified-clean,Hygiene products company. PETA certified. Independent.,medium
ATTITUDE,,TRUE,FALSE,Bio-Spectra Inc.,,,no,independent,certified-clean,Parent: Bio-Spectra Inc. — Canadian natural products manufacturer. PETA certified. Independent. No China concerns.,high
ATWATER,,FALSE,TRUE,Independent,,,no,independent,certified-clean,LB certified men's grooming brand. Independent.,medium
ATZEN Superior to Organic® Skin Care,ATZEN,FALSE,TRUE,Independent,,,no,independent,certified-clean,LB certified organic skincare. Independent.,medium
Au Natural Organics Company,Au Natural,TRUE,FALSE,Independent,,,no,independent,certified-clean,Organic personal care. PETA certified. Independent.,low
Au Naturale,Au Naturale Cosmetics,TRUE,FALSE,Independent,,,no,independent,certified-clean,Certified organic makeup brand. PETA certified. Independent.,medium
