brand_name,ulta_slug
107,107
18.21 Man Made,1821-man-made
3H Nails,3h-nails
7 E Wellness,7-e-wellness
8Grow,8grow
A313,a313
Abature,abature
about-face,about-face
Acca Kappa,acca-kappa
Active Beauty,active-beauty
Admire My Skin,admire-my-skin
af94,af94
Afnan,afnan
AG Care,ag-care
AG1,ag1
Ahava,ahava
Aippo,aippo
Algenist,algenist
All Ulta Beauty Collection,ulta-beauty-collection
Alleyoop,alleyoop
Alpha Skincare,alpha-skincare
Alterna,alterna
AMAZING COSMETICS,amazing-cosmetics
Amazing Grass,amazing-grass
American Crew,american-crew
amika,amika
AmLactin,amlactin
Anastasia Beverly Hills,anastasia-beverly-hills
Andis,andis
Andrew Fitzsimons,andrew-fitzsimons
Anthony,anthony
ANUA,anua
Aperire,aperire
Apieu,apieu
APLB,aplb
Apostle,apostle
Apothékary,apothekary
APOTHEKE,apotheke
Aquaphor,aquaphor
AquaSonic,aquasonic
ARABIAN CREST DUBAI,arabian-crest-dubai
Aramis,aramis
Aramore,aramore
Arctic Fox,arctic-fox
Ardell,ardell
Ariana Grande,ariana-grande
ARMANI,armani
ARMRA Colostrum,armra-colostrum
arrae,arrae
ASCENTION Parfums,ascention-parfums
ASNA,asna
ATWATER,atwater
Avatara Skin,avatara-skin
Aveeno,aveeno
Avène,avene
AXIS-Y,axis-y
Azzaro,azzaro
b.tan,btan
Babe Original,babe-original
Baby Foot,baby-foot
BaBylissPRO,babylisspro
Bali Body,bali-body
Balmain Paris,balmain-paris
Banila Co,banila-co
Barbasol Shaving,barbasol-shaving
Barberino&#x27;s,barberinos
BarberMate,barbermate
bareMinerals,bareminerals
Barrière,barriere
Batiste,batiste
Baxter of California,baxter-of-california
bdy.,bdy
Beachwaver Co.,beachwaver-co
BEAUND,beaund
Beautifect,beautifect
Beauty Core,beauty-core
Beauty Finds by ULTA Beauty,beauty-finds-by-ulta-beauty
BeautyBio,beautybio
beautyblender,beautyblender
BeautyStat Cosmetics,beautystat-cosmetics
Bed Head,bed-head
Beekman 1802,beekman-1802
Before Oral Care,before-oral-care
being,being
Bejou,bejou
belif,belif
Benefit Cosmetics,benefit-cosmetics
BETTER WORLD FRAGRANCE HOUSE,better-world-fragrance-house
BEVEL,bevel
Bewants,bewants
Beyoncé Parfums,beyonce-parfums
billie,billie
Billie Eilish,billie-eilish
Bio Ionic,bio-ionic
Bio-Oil,bio-oil
Bioderma,bioderma
Biolage,biolage
Bioré,biore
Biosilk,biosilk
Bird&amp;Be,bird-be
BK Beauty,bk-beauty
Black Girl Sunscreen,black-girl-sunscreen
BLACKWOOD FOR MEN,blackwood-men
Blinc,blinc
Blind Barber,blind-barber
Blissy,blissy
BLK/OPL,blkopl
BLONDME,blondme
Bloom,bloom
Bloomeffects,bloomeffects
BLOSSOM,blossom
Blossom Essentials,blossom-essentials
Blu Atlas,blu-atlas
Blue Lagoon Skincare,blue-lagoon-skincare
BLUE LIZARD AUSTRALIAN SUNSCREEN,blue-lizard-australian-sunscreen
BLUME,blume
Blushly,blushly
BOBBI BROWN,bobbi-brown
Bondi Boost,bondi-boost
Bondi Sands,bondi-sands
Bonika Shears,bonika-shears
Borghese,borghese
BREAD BEAUTY SUPPLY,bread-beauty-supply
Bridgerton,bridgerton
Briogeo,briogeo
BRMUD,brmud
Bubble,bubble
Bubble T,bubble-t
Bumble and bumble,bumble-bumble
Burberry,burberry
Bushbalm,bushbalm
Buttah Skin,buttah-skin
Buxom,buxom
By the Beach,by-beach
BYOMA,byoma
BYROE,byroe
Caboodles,caboodles
CAKES Body,cakes-body
Caldera + Lab,caldera-lab
Caliber Beauty,caliber-beauty
California Naturals,california-naturals
Calvin Klein,calvin-klein
Camille Rose,camille-rose
Candier,candier
Capelli New York,capelli-new-york
Captain Fawcett,captain-fawcett
Carbon Theory.,carbon-theory
Carol&#x27;s Daughter,carols-daughter
Carolina Herrera,carolina-herrera
Carroten,carroten
Caswell-Massey,caswell-massey
Cayla Gray,cayla-gray
CÉCRED,cecred
celimax,celimax
Cell Fusion C,cell-fusion-c
Centellian24,centellian24
CeraVe,cerave
Cetaphil,cetaphil
CHANEL,chanel
Charlotte Tilbury,charlotte-tilbury
Chasin&#x27; Rabbits,chasin-rabbits
CHI,chi
China Glaze,china-glaze
Chloé,chloe
Christophe Robin,christophe-robin
ChungMijung,chungmijung
Cinema Secrets,cinema-secrets
Clairol,clairol
Clarins,clarins
CLE Cosmetics,cle-cosmetics
Clean,clean
Clean Skin Club,clean-skin-club
Clean Your Dirty Face,clean-your-dirty-face
Cleverman,cleverman
Clinique,clinique
clöud café,cloud-cafe
CND,cnd
CNP Laboratory,cnp-laboratory
Coach,coach
Coco &amp; Eve,coco-eve
cocokind,cocokind
CODEAGE,codeage
Codex Labs,codex-labs
Color Wow,color-wow
ColourPop,colourpop
Conair,conair
Conair Accessories,conair-accessories
Contently,contently
COOLA,coola
CORPUS,corpus
Cosnori,cosnori
COSRX,cosrx
CoverGirl,covergirl
Crave,crave
Cricket,cricket
CROC,croc
CRVFT,crvft
Cure Hydration,cure-hydration
CurlMix,curlmix
Curlsmith,curlsmith
Cutting Edge,cutting-edge
Cymbiotika,cymbiotika
d&#x27;Alba Piedmont,dalba-piedmont
Daeng Gi Meo Ri,daeng-gi-meo-ri
Daily Habits,daily-habits
DAISE,daise
Dashing Diva,dashing-diva
dearcloud,dearcloud
Decorté,decorte
Dehiya Beauty,dehiya-beauty
Denman,denman
Dēp Slēpwear,dep-slepwear
DERMA E,derma-e
Dermablend,dermablend
DERMAFLASH,dermaflash
Dermalogica,dermalogica
Dermasuri,dermasuri
Dermelect,dermelect
Design Essentials,design-essentials
DevaCurl,devacurl
DHC,dhc
Diamond Drunk,diamond-drunk
Diane,diane
DIBS Beauty,dibs-beauty
Differin,differin
DIGI Beauty,digi-beauty
DIME,dime
Dionis,dionis
Dior,dior
Divi,divi
DKNY,dkny
Dolce Glow,dolce-glow
Dolce&amp;Gabbana,dolce-gabbana
Doll 10,doll-10
Donna Karan,donna-karan
DONNA&#x27;S RECIPE,donnas-recipe
Doré,dore
dpHUE,dphue
"Dr Rossi, Derm MD",dr-rossi-derm-md
Dr Teal&#x27;s,dr-teals
Dr. Althea,dr-althea
Dr. Brandt,dr-brandt
Dr. Melaxin,dr-melaxin
Dr. PAWPAW,dr-pawpaw
Dr. Squatch,dr-squatch
DRMTLGY,drmtlgy
Drowsy,drowsy
Drunk Elephant,drunk-elephant
Drybar,drybar
Dryope,dryope
DS Laboratories,ds-laboratories
DUFT &amp; DOFT,duft-doft
Duke Cannon Supply Co,duke-cannon-supply-co
DUNE SUNCARE,dune-suncare
Duo Toothpaste,duo-toothpaste
Dyson,dyson
e.l.f. Cosmetics,elf-cosmetics
Each &amp; Every,each-every
Earth Harbor,earth-harbor
Earth Therapeutics,earth-therapeutics
Eco Style,eco-style
Ecolline,ecolline
EcoTools,ecotools
ELEMIS,elemis
Elizabeth Arden,elizabeth-arden
Elizavecca,elizavecca
Ellis Brooklyn,ellis-brooklyn
Embr Labs,embr-labs
EMBRYOLISSE,embryolisse
Enzo Milano,enzo-milano
Eos,eos
Equlib,equlib
Erborian,erborian
Ere Perez,ere-perez
ERLY,erly
Esha,esha
Esker Beauty,esker-beauty
Essence,essence
Essie,essie
Estée Lauder,estee-lauder
Ethique Beauty,ethique-beauty
Ettitude,ettitude
ETUDE,etude
Eucerin,eucerin
Eva Nyc,eva-nyc
EvasHair,evashair
Eve Lom,eve-lom
Evian Mineral Spray,evian-mineral-spray
Evil Goods,evil-goods
Evre Skincare,evre-skincare
Exoceuticals,exoceuticals
Exuviance,exuviance
Eyeko,eyeko
Eylure,eylure
Face Republic,face-republic
Fairy Tales,fairy-tales
FARMACY,farmacy
FEKKAI,fekkai
FENTY BEAUTY by Rihanna,fenty-beauty-by-rihanna
FENTY SKIN body,fenty-skin-body
FilterBaby,filterbaby
First Aid Beauty,first-aid-beauty
Flora Code,flora-code
Florasis,florasis
florence by mills,florence-by-mills
FLOWER Beauty,flower-beauty
Flower Knows,flower-knows
Flowery,flowery
FMS,fms
FOREO,foreo
Foria,foria
Forte Series,forte-series
frank body,frank-body
fresh,fresh
Fromm,fromm
FRUDIA,frudia
Fur,fur
fwee,fwee
Ga.Ma Italy Professional,gama-italy-professional
Garden of Life,garden-of-life
Garnier,garnier
Geske,geske
ghd,ghd
Gigi,gigi
GIMME beauty,gimme-beauty
Ginger Milk,ginger-milk
Givenchy,givenchy
Glamnetic,glamnetic
Glamnetic x Fanatics Nail,glamnetic-x-fanatics-nail
Glimmer Wish,glimmer-wish
Glo24k,glo24k
Goli Nutrition,goli-nutrition
Good Dye Young,good-dye-young
good light,good-light
Good Molecules,good-molecules
GOONGBE,goongbe
goop,goop
got2b,got2b
Grande Cosmetics,grande-cosmetics
GROWUS,growus
Grüns,gruns
Gucci,gucci
Guerlain,guerlain
GuruNanda,gurunanda
HAAN,haan
HackU,hacku
Hair+,hair
Hairstory,hairstory
HAIRtamin,hairtamin
HALEYS Beauty,haleys-beauty
HALF MAGIC,half-magic
HALLY,hally
Hampton Sun,hampton-sun
Hanskin,hanskin
HAPPYSKINCO,happyskinco
Hatch,hatch
HATCH MAMA,hatch-mama
Hawkins &amp; Brimble,hawkins-brimble
Hawthorne,hawthorne
Healing Bird,healing-bird
Heimish,heimish
Helight,helight
Hempz,hempz
Her Own,her-own
HERBIVORE,herbivore
Heritage Store,heritage-store
Hero Cosmetics,hero-cosmetics
Hey Honey,hey-honey
Heywell,heywell
Hollywood Fashion Secrets,hollywood-fashion-secrets
Holo Taco,holo-taco
Homebody,homebody
HomeWorx,homeworx
Honest Beauty,honest-beauty
Hot Tools,hot-tools
HOURGLASS,hourglass
hOURS haircare,hours-haircare
House of Foils,house-of-foils
House of Harlow 1960,house-of-harlow-1960
House of Lashes,house-of-lashes
Hugger Mugger,hugger-mugger
Hugo Boss,hugo-boss
Hum Nutrition,hum-nutrition
Hwarang,hwarang
Hyggee,hyggee
Hygiene Hero,hygiene-hero
Hypothesis,hypothesis
I Dew Care,i-dew-care
I&#x27;m From,im-from
Ialuset,ialuset
ICONIC LONDON,iconic-london
iDesign,idesign
IGK,igk
iHome,ihome
ILIA,ilia
Ilso,ilso
Imarais Beauty,imarais-beauty
Impressions Vanity,impressions-vanity
In Common,in-common
Indeed Labs,indeed-labs
INDIE LEE,indie-lee
InfoDPlus,infodplus
inh HAIR,inh-hair
Inked by Dani,inked-by-dani
INNER CIRCLE,inner-circle
Innersense Organic Beauty,innersense-organic-beauty
iota,iota
isima,isima
ISOI,isoi
Isopure Protein,isopure-protein
IT Brushes For ULTA,it-brushes-ulta
IT Cosmetics,it-cosmetics
It&#x27;s A 10,its-a-10
Izzy Zero Waste Beauty,izzy-zero-waste-beauty
J.Cat Beauty,jcat-beauty
Jack Black,jack-black
Jack Henry,jack-henry
jane iredale,jane-iredale
Janet Collection,janet-collection
JB Skrub,jb-skrub
Jean Paul Gaultier,jean-paul-gaultier
Jenny Patinkin,jenny-patinkin
Jill,jill
Jimmy Choo,jimmy-choo
Joan &amp; David,joan-david
Johnny B. Hair Care,johnny-b-hair-care
Joico,joico
Jolie,jolie
JooY,jooy
Jouer Cosmetics,jouer-cosmetics
JoyBright by Ulta Beauty,joybright-by-ulta-beauty
Joylux,joylux
Juicy Couture,juicy-couture
Juvia&#x27;s Place,juvias-place
JVN,jvn
KAHI,kahi
Kaja,kaja
Kate Somerville,kate-somerville
Kate Spade New York,kate-spade-new-york
Kenneth Cole New York,kenneth-cole-new-york
Kenra Professional,kenra-professional
Keracolor,keracolor
Keranique,keranique
Keratin Complex,keratin-complex
Kevyn Aucoin,kevyn-aucoin
KHLOÉ KARDASHIAN,khloe-kardashian
Kiehl&#x27;s Since 1851,kiehls-since-1851
KimChi Chic Beauty,kimchi-chic-beauty
Kind Patches,kind-patches
Kiss,kiss
Kitsch,kitsch
Klairs,klairs
Knemo,knemo
Knours.,knours
KOCOSTAR,kocostar
Kopari Beauty,kopari-beauty
KORRES,korres
Kreyòl Essence,kreyol-essence
KRISTIN ESS HAIR,kristin-ess-hair
Kumbra With Love,kumbra-with-love
KUNDAL,kundal
KVD Beauty,kvd-beauty
KYLIE COSMETICS,kylie-cosmetics
L.A. Girl,la-girl
L&#x27;ange,lange
L&#x27;anza,lanza
L&#x27;Occitane,loccitane
L&#x27;Oréal,loreal
L&#x27;Oréal Professionnel,loreal-professionnel
L3VEL3,l3vel3
La Roche-Posay,la-roche-posay
LADOR,lador
Laifen,laifen
Lake &amp; Skye,lake-skye
LALARECIPE,lalarecipe
LAMIK Beauty,lamik-beauty
Lancer Skincare,lancer-skincare
Lancôme,lancome
Landing International,landing-international
Lanolips,lanolips
Lapcos,lapcos
Lash Luks,lash-luks
Lattafa,lattafa
Laundry Sauce,laundry-sauce
LAURA GELLER,laura-geller
Laura Mercier,laura-mercier
Le Mini Macaron,le-mini-macaron
LE MONDE GOURMAND,le-monde-gourmand
Lemme,lemme
Lemon and Co. Collagen,lemon-co-collagen
Leonor Greyl,leonor-greyl
Leverden,leverden
LILA by Akunbem,lila-by-akunbem
Lilly Lashes,lilly-lashes
Lilyeve,lilyeve
Lime Crime,lime-crime
Lip Smacker,lip-smacker
LIQUID I.V.,liquid-iv
Live Tinted,live-tinted
Living Proof,living-proof
Locks &amp; Mane,locks-mane
LOLA,lola
Lola From Rio,lola-from-rio
LolaVie,lolavie
Londontown,londontown
LOOPS,loops
LORAC,lorac
Lottie London,lottie-london
Love &amp; Pebble,love-pebble
Love Wellness,love-wellness
"Love, Indus",love-indus
Loving Tan,loving-tan
Lume,lume
Lumify,lumify
LuminaNRG,luminanrg
Luna Bronze,luna-bronze
Luna Daily,luna-daily
Luna Nectar,luna-nectar
Lunya,lunya
LUSH,lush
LUV SCRUB,luv-scrub
Luvum,luvum
M3 Naturals,m3-naturals
ma:nyo,manyo
MAC,mac
Mad Hippie,mad-hippie
Mad Rabbit,mad-rabbit
Made By Mitchell,made-by-mitchell
Madeca Derma,madeca-derma
Madison Reed,madison-reed
MAËLYS,maelys
Magic Molecule,magic-molecule
Maison Noir,maison-noir
Makari,makari
Make Time Wellness,make-time-wellness
Malibu Apothecary,malibu-apothecary
Mania Holic,mania-holic
Manucurist,manucurist
Marc Jacobs,marc-jacobs
Marie Hunter,marie-hunter
Mario Badescu,mario-badescu
MaryRuth&#x27;s,maryruths
Masami,masami
Matrix,matrix
Maui Babe,maui-babe
Maybelline,maybelline
MDSolarSciences,mdsolarsciences
Medicine Mama,medicine-mama
Medicool,medicool
medicube,medicube
MEDIHEAL,mediheal
Medix 5.5,medix-55
Mela Vitamins,mela-vitamins
Menokin,menokin
Merythod,merythod
Messi Fragrances,messi-fragrances
Metamorphosis,metamorphosis
method,method
Miami Beach Bum,miami-beach-bum
Michael Malul,michael-malul
Michael Todd Beauty,michael-todd-beauty
Mielle,mielle
Miko,miko
Mila Moursi Skin Care,mila-moursi-skin-care
Milani,milani
Milk + Honey,milk-honey
MILK MAKEUP,milk-makeup
Mini Brands,mini-brands
Minimalist,minimalist
Mintier,mintier
MISSHA,missha
MISTR,mistr
Miu Miu,miu-miu
Mixed Chicks,mixed-chicks
Mixsoon,mixsoon
Molvany,molvany
MOMENTUM,momentum
Moncho Moreno,moncho-moreno
MONDAY Haircare,monday-haircare
Monika Blunder Beauty,monika-blunder-beauty
Montblanc,montblanc
Moon,moon
Moon Juice,moon-juice
Moroccanoil,moroccanoil
Morphe,morphe
Morris Flamingo,morris-flamingo
Moschino,moschino
Mount Lai,mount-lai
MUGLER,mugler
MÜHLE,muhle
Murad,murad
Mustela,mustela
My Neighbor&#x27;s Tallow,my-neighbors-tallow
MySmile,mysmile
MYTAGALONGS,mytagalongs
NABLA,nabla
Nads Natural,nads-natural
Nail Tek,nail-tek
Nails Inc.,nails-inc
Nair,nair
Najeau,najeau
Naked Sundays,naked-sundays
NAKERY BEAUTY,nakery-beauty
narka,narka
NARS,nars
NassifMD Skincare,nassifmd-skincare
NATASHA DENONA,natasha-denona
Nature&#x27;s Bounty,natures-bounty
NatureLab. Tokyo,naturelab-tokyo
Naturium,naturium
Nemat,nemat
NEOGEN,neogen
NEOM Wellbeing,neom-wellbeing
NEST New York,nest-new-york
Neutrogena,neutrogena
Nexxus,nexxus
Nick Stenson Beauty,nick-stenson-beauty
Nimbi,nimbi
Nioxin,nioxin
Nishane,nishane
Nixit,nixit
No7,no7
Nodpod,nodpod
Nopalera,nopalera
Not Your Mother&#x27;s,not-your-mothers
NOTO Botanics,noto-botanics
NOYZ,noyz
nu119,nu119
NUDESTIX,nudestix
NuFACE,nuface
NULASTIN,nulastin
numbuzin,numbuzin
NUTRAFOL,nutrafol
Nuxe,nuxe
NYX Professional Makeup,nyx-professional-makeup
Oak Essentials,oak-essentials
Oars + Alps,oars-alps
OCOA,ocoa
OCTAVIA MORGAN LOS ANGELES,octavia-morgan-los-angeles
Odele,odele
Ofra Cosmetics,ofra-cosmetics
Ogee,ogee
OGX,ogx
Oh K!,oh-k
OLAPLEX,olaplex
OLAS Wellness,olas-wellness
Olay,olay
OLEHENRIKSEN,olehenriksen
OLFACTORY X,olfactory-x
Oliere Paris,oliere-paris
Olivarrier,olivarrier
Olive &amp; June,olive-june
Olivia Garden,olivia-garden
OLLY,olly
OmySalon,omysalon
Onekind,onekind
ONYX Professional,onyx-professional
OPI,opi
Optimum Nutrition,optimum-nutrition
Orebella,orebella
Organyc,organyc
Orientica Perfumes,orientica-perfumes
Origins,origins
Orly,orly
Ortega Beauty,ortega-beauty
OSEA,osea
Oster Professional,oster-professional
OUAI,ouai
Ouidad,ouidad
Overtone,overtone
P.CALM,pcalm
Pacifica,pacifica
Pai-Shau,pai-shau
Palladio Beauty,palladio-beauty
Panasonic,panasonic
PanOxyl,panoxyl
Paris Hilton Fragrances,paris-hilton-fragrances
Particle for Men,particle-men
Party of You,party-of-you
PAT McGRATH LABS,pat-mcgrath-labs
Patchology,patchology
PATTERN,pattern
Paul Mitchell,paul-mitchell
PAUME,paume
Peace Out,peace-out
PEACH &amp; LILY,peach-lily
Peach Slices,peach-slices
Perricone MD,perricone-md
Perry Ellis,perry-ellis
Persona,persona
Personal Day,personal-day
Pete &amp; Pedro,pete-pedro
Peter Thomas Roth,peter-thomas-roth
Philosophy,philosophy
Physicians Formula,physicians-formula
Pink Pewter,pink-pewter
PINKWONDER,pinkwonder
Pinrose,pinrose
Pirette,pirette
Pixi,pixi
PLA Beauty,pla-beauty
Plantkos,plantkos
Playground,playground
PLU,plu
PMD,pmd
Polite Society,polite-society
Poo~Pourri,poopourri
Poom,poom
Poppy &amp; Pout,poppy-pout
POUND CAKE,pound-cake
Prada,prada
PRAI Beauty,prai-beauty
Proactiv,proactiv
Product-obsessed,product-obsessed
Productos LATINA,productos-latina
PROVENCE Beauty,provence-beauty
PÜR Minerals,pur-minerals
Pura,pura
Pure Daily Care,pure-daily-care
Pure Mama,pure-mama
Pure Silk,pure-silk
Pureology,pureology
Purito,purito
PURSONIC,pursonic
Qhemet Biologics,qhemet-biologics
Queen Cosmetics,queen-cosmetics
Quiet Mind,quiet-mind
r.e.m. beauty,rem-beauty
Rabanne,rabanne
Rael,rael
Ralph Lauren,ralph-lauren
Rare Beauty,rare-beauty
Real Techniques,real-techniques
Red Carpet Manicure,red-carpet-manicure
Redken,redken
Refilled,refilled
RescueMD,rescuemd
Returnu,returnu
REUZEL,reuzel
RevAir,revair
Revive Collagen,revive-collagen
Revlon,revlon
Revolution Beauty,revolution-beauty
Richualist,richualist
Ritual,ritual
Rizos Curls,rizos-curls
RMS Beauty,rms-beauty
RoC,roc
RODAN + FIELDS,rodan-fields
rom&amp;nd,rom-nd
Rookie Wellness,rookie-wellness
Root Candles,root-candles
ROOTON,rooton
Rosebud Perfume Co.,rosebud-perfume-co
Rosebud Woman,rosebud-woman
ROSEN,rosen
Rosendo Mateu,rosendo-mateu
Rosy &amp; Earnest,rosy-earnest
ROUND LAB,round-lab
Rovectin,rovectin
Rude,rude
Saalt,saalt
Sabrina Carpenter,sabrina-carpenter
SACHEU,sacheu
Saint Jane,saint-jane
Saje Natural Wellness,saje-natural-wellness
SAKARA,sakara
Sally Hansen,sally-hansen
Saltair,saltair
Sam Edelman,sam-edelman
Sand and Sky,sand-sky
Santu,santu
Sara Happ,sara-happ
Saturday Skin,saturday-skin
Sauce Beauty,sauce-beauty
Scarlet by RedDrop,scarlet-by-reddrop
Schick,schick
Sebastian,sebastian
Seche,seche
SEEN,seen
SEKKISEI,sekkisei
SelpH,selph
Seoul Ceuticals,seoul-ceuticals
SeroVital,serovital
Sexy Hair,sexy-hair
SHAMPOOHOTEL,shampoohotel
Shaquille O&#x27;Neal Fragrance,shaquille-oneal-fragrance
Shark Beauty,shark-beauty
SHAZ &amp; KIKS,shaz-kiks
SheaMoisture,sheamoisture
Shiseido,shiseido
SickScience Labs,sickscience-labs
Sigma Beauty,sigma-beauty
Sitting Pretty,sitting-pretty
Skin Gym,skin-gym
SKIN1004,skin1004
skinChemists,skinchemists
Skyn Iceland,skyn-iceland
Sleek’e,sleeke
Sleepy Tie,sleepy-tie
Slip,slip
Smashbox,smashbox
Smile Makers,smile-makers
Snif,snif
Soapbox,soapbox
SoCozy,socozy
Sol de Janeiro,sol-de-janeiro
Solawave,solawave
SOME BY MI,some-by-mi
Sparkle Wellness,sparkle-wellness
SPATCH,spatch
Spectrum,spectrum
Spongeables,spongeables
SPONGELLE,spongelle
Squishmallows,squishmallows
Squishmallows Fragrances,squishmallows-fragrances
St. Tropez,st-tropez
STARFACE,starface
Stephan,stephan
Stila,stila
Stimmie,stimmie
STRIPES BEAUTY by Naomi Watts,stripes-beauty-by-naomi-watts
StriVectin,strivectin
SUBTL. Beauty,subtl-beauty
Sugarbear,sugarbear
sugardoh,sugardoh
Sun Bum,sun-bum
Sunday || Sunday,sunday-sunday
SUNDAY RILEY,sunday-riley
SUNGBOON EDITOR,sungboon-editor
Sunnee BAEskin,sunnee-baeskin
Superegg,superegg
Supergoop!,supergoop
Supermush,supermush
Supersmile,supersmile
Supersuite,supersuite
Supply Co.,supply-co
Surface Deep,surface-deep
Surratt Beauty,surratt-beauty
Sweet &amp; Shimmer,sweet-shimmer
Swishables,swishables
T3,t3
TABBEAU,tabbeau
TAD,tad
Tallow Me Pretty,tallow-me-pretty
TAN-LUXE,tan-luxe
Tangle Teezer,tangle-teezer
Tanologist,tanologist
Tartan + Twine,tartan-twine
Tarte,tarte
TATCHA,tatcha
Taylor of Old Bond Street,taylor-of-old-bond-street
TEABLESS,teabless
Tech Activated Beauty,tech-activated-beauty
TELETIES,teleties
Teluris,teluris
Tenoverten,tenoverten
tgin,tgin
Thank You Farmer,thank-you-farmer
Thayers,thayers
The Body Firm,body-firm
The Crème Shop,creme-shop
The Face Shop,face-shop
The Frontal Queen,frontal-queen
The Good Patch,good-patch
The Hair Edit,hair-edit
The Honey Pot Company,honey-pot-company
The INKEY List,inkey-list
The Lip Bar,lip-bar
The Nue Co.,nue-co
The Ordinary,ordinary
The Organic Skin Co.,organic-skin-co
THE ROUTE,route
The Vintage Cosmetic Company,vintage-cosmetic-company
Therabody,therabody
TheraBreath,therabreath
Tiege Hanley,tiege-hanley
Tiffany &amp; Co.,tiffany-co
Timebeam,timebeam
Tippy Type,tippy-type
TIRTIR,tirtir
TOCCA,tocca
TOM FORD,tom-ford
TONYMOLY,tonymoly
Too Faced,too-faced
Toppik,toppik
Tory Burch,tory-burch
Touchland,touchland
TPOB,tpob
Tree Hut,tree-hut
Tricoci,tricoci
Trilastin,trilastin
Triumph &amp; Disaster,triumph-disaster
True + Pure Texture,true-pure-texture
Truezyme,truezyme
Truly,truly
TruSkin,truskin
TULA,tula
Tweezerman,tweezerman
TYMO Beauty,tymo-beauty
Ulike,ulike
Unbound,unbound
UNbrush,unbrush
Undefined Beauty,undefined-beauty
Uni,uni
UNITE Hair,unite-hair
Unleashia,unleashia
UOMA Beauty,uoma-beauty
Urang,urang
Urban Decay Cosmetics,urban-decay-cosmetics
Urban Hydration,urban-hydration
Urban Skin Rx,urban-skin-rx
Urban Veda,urban-veda
Ursa Major,ursa-major
V by Velour,v-by-velour
Vacation,vacation
Vahy,vahy
Valentino,valentino
VANICREAM,vanicream
Vanity Planet,vanity-planet
Variety,variety
Vaseline,vaseline
Veea Face,veea-face
Veggimins,veggimins
Velour Lashes,velour-lashes
Vera Wang,vera-wang
Verb,verb
Veriphy Skincare,veriphy-skincare
Versace,versace
Versed,versed
Vichy,vichy
VIDIVICI,vidivici
Viktor&amp;Rolf,viktor-rolf
VIO2,vio2
Virtue,virtue
Vital Proteins,vital-proteins
Vitruvi,vitruvi
VIVAIODAYS,vivaiodays
Viviscal,viviscal
VOESH,voesh
VOLITION,volition
Voloom,voloom
VT Cosmetics,vt-cosmetics
VUSH,vush
Wakse,wakse
Wangi Wellness,wangi-wellness
Water.io,waterio
Wavytalk,wavytalk
WeGym,wegym
Well People,well-people
Wella,wella
Wet Brush,wet-brush
Wet n Wild,wet-n-wild
WEWOREWHAT,weworewhat
White Lotus Beauty,white-lotus-beauty
Who Is Elijah,who-elijah
Wigo,wigo
Wildfleur,wildfleur
Winky Lux,winky-lux
Womaness,womaness
Wrinkles Schminkles,wrinkles-schminkles
WTHN,wthn
Wunderbrow,wunderbrow
WYLYS,wylys
XMONDO,xmondo
Yadah,yadah
Yoga Design Lab,yoga-design-lab
Youthforia,youthforia
Yves Saint Laurent,yves-saint-laurent
Zadro,zadro
Zoya,zoya
