brand	parent
1-phenyl-2-phenylethane derivative	Kao Corporation
4P Rube Göttingen	Unilever
7 O'Clock	Procter & Gamble
8×4	Beiersdorf
Absorbent and compressible fibrous structures	Procter & Gamble
Absorbent and resilient fibrous structures	Procter & Gamble
Absorbent article	Kao Corporation
Absorbent article and absorbent core forming channels when wet	Procter & Gamble
Absorbent article and method for manufacturing sheet with three-dimensional opening used therefor	Kao Corporation
Absorbent article comprising a synthetic polymer derived from a renewable resource and methods of producing said article	Procter & Gamble
Absorbent article having a nonwoven material with antimony-free polyethylene terephthalate	Procter & Gamble
Absorbent article having elastic belt	Procter & Gamble
Absorbent article having multiple zones	Procter & Gamble
Absorbent article having waist gasketing element	Procter & Gamble
Absorbent article package with enhanced opening and recloseability	Procter & Gamble
Absorbent article sensor activation	Procter & Gamble
Absorbent article sensor replacement system	Procter & Gamble
Absorbent article with a lotioned topsheet	Procter & Gamble
Absorbent article with absorbent structure having anisotropic rigidity	Procter & Gamble
Absorbent article with activatable material	Procter & Gamble
Absorbent article with belt having profiled elasticity	Procter & Gamble
Absorbent article with color matched surfaces	Procter & Gamble
Absorbent article with conforming features	Procter & Gamble
Absorbent article with core-to-backsheet glue pattern comprising two glues	Procter & Gamble
Absorbent article with ear portion	Procter & Gamble
Absorbent article with elasticized waist region	Procter & Gamble
Absorbent article with graphics printed in preservative-free ink, and methods of manufacture thereof	Procter & Gamble
Absorbent article with improved bonding	Procter & Gamble
Absorbent article with leg cuffs	Procter & Gamble
Absorbent article with sensor	Procter & Gamble
Absorbent article with tackifier-free adhesive	Procter & Gamble
Absorbent article with waist gasketing element and leg cuffs	Procter & Gamble
Absorbent articles and methods of making the same	Procter & Gamble
Absorbent articles comprising nonwoven materials having improved thermal conductivity	Procter & Gamble
Absorbent articles comprising sensors	Procter & Gamble
Absorbent articles comprising stretch laminates	Procter & Gamble
Absorbent articles having apertured, three-dimensional materials and methods for making same	Procter & Gamble
Absorbent articles having channel-forming areas and wetness indicator	Procter & Gamble
Absorbent articles having channels and wetness indicator	Procter & Gamble
Absorbent articles including perfume and cyclodextrins	Procter & Gamble
Absorbent articles with channels	Procter & Gamble
Absorbent articles with channels and signals	Procter & Gamble
Absorbent articles with different types of channels	Procter & Gamble
Absorbent articles with elastics in multiple layers	Procter & Gamble
Absorbent articles with improved low viscosity waste acquisition	Procter & Gamble
Absorbent articles with improved topsheet dryness	Procter & Gamble
Absorbent articles with indicia and/or color	Procter & Gamble
Absorbent articles with multi-pieces acquisition layer	Procter & Gamble
Absorbent core having water-absorbing polymer particles	Procter & Gamble
Absorbent core with absorbent material pattern	Procter & Gamble
Absorbent cores having material free areas	Procter & Gamble
Absorbent products having improved packaging efficiency	Procter & Gamble
Absorbent structure	Procter & Gamble
Absorbent structure for absorbent articles	Procter & Gamble
Absorbent structure with stratified distribution layer	Procter & Gamble
Acid perfluoro-free self-foaming facial cleanser composition	L'Oréal
AcneFree	L'Oréal
Acqua di Parma	LVMH
Adaptive package	Procter & Gamble
AdeS	Unilever
Adhesive composition for absorbent articles	Procter & Gamble
Adhesive having increased bonding strength	Procter & Gamble
Adhesive sheet for cooling	Kao Corporation
Adsorbent matrix as propellant in aerosol package	Procter & Gamble
Adult disposable absorbent articles and arrays comprising improved product lengths	Procter & Gamble
Aerosol antidandruff composition	Procter & Gamble
Aerosol device based on a calcium salt, on a fixing polymer, on a surfactant and on water	L'Oréal
Aerosol device based on sebum-absorbing powder and calcium carbonate	L'Oréal
Aerosol device for dry-washing and treating the hair	L'Oréal
Aerosol device for hair shaping and/or hairstyle hold	L'Oréal
Aerosol device for pigment dyeing based on a particular acrylic polymer and a silicone compound, dyeing process	L'Oréal
Aerosol dispenser having a cap to prevent valve removal	Procter & Gamble
Aerosol dispenser with valve anti-removal feature	Procter & Gamble
Aerosol foam dispenser and methods for delivering a textured foam product	Procter & Gamble
Aerosol foam skin cleanser	Procter & Gamble
Aerosol hairspray for styling and/or shaping hair	Procter & Gamble
Aesop	L'Oréal
Ag+	Shiseido
Agent for hair deforming treatment	Kao Corporation
Alberto-Culver	Unilever
Algida	Unilever
Almay	Revlon
Alsa	Unilever
Always	Procter & Gamble
Ambi	L'Oréal
Ambi Pur	Procter & Gamble
Ambrosia	Unilever
Amino alcohol-containing skin cleansing composition for removing keratotic plugs from skin	Kao Corporation
Ammonia metabolism promoter	Kao Corporation
Amora	Unilever
Andrélon	Unilever
Anhydrous composition including a lipophilic gelling agent, at least two different fillers and an oil phase	L'Oréal
Anhydrous cosmetic composition	L'Oréal
Anhydrous cosmetic compositions and uses	Procter & Gamble
Anhydrous cosmetic compositions comprising pearlescent pigment and a diester	L'Oréal
Anhydrous deodorant aerosol equipped with a hollow dispensing head	L'Oréal
Anhydrous liquid composition comprising oils, a film-forming polymer, a monoalcohol and a particulate material	L'Oréal
Antimicrobial hard surface cleaners comprising alkylpyrrolidones	Procter & Gamble
Antimicrobial mixture containing 4-(3-ethoxy-4-hydroxyphenyl)butan-2-one and chlorphenesin, and cosmetic composition containing same	L'Oréal
Antiperspirant and deodorant compositions	Procter & Gamble
Antiperspirant and deodorant compositions comprising malodor reduction compositions	Procter & Gamble
Antiperspirant spray devices and compositions	Procter & Gamble
Apertured webs and methods for making the same	Procter & Gamble
Apparatus and method for determining cosmetic skin attributes	Procter & Gamble
Apparatus and method for making side seams on absorbent articles	Procter & Gamble
Apparatus and method for operating a personal grooming appliance or household cleaning appliance	Procter & Gamble
Apparatus and method for visualizing visually imperceivable cosmetic skin attributes	Procter & Gamble
Apparatus for delivering a volatile material	Procter & Gamble
Apparatus for making content liquid foamy for discharge and systems and methods thereof	Kao Corporation
Apparatus for perforating a web material	Procter & Gamble
Apparatuses and methods for making absorbent articles	Procter & Gamble
Apparatuses and methods for making absorbent articles with elastomeric laminates	Procter & Gamble
Appliance for treating the hair	L'Oréal
Application brush for cosmetic formula	L'Oréal
Application control device, application control method, program and storage medium that naturally conceal a local difference in brightness on skin	Shiseido
Applicator for applying a cosmetic or care product to the eyelashes or eyebrows	L'Oréal
Applicator for applying a cosmetic product to keratinous materials	L'Oréal
Applicator for applying a cosmetic, makeup or care, product to the eyelashes and/or eyebrows	L'Oréal
Applicator for applying a product to eyelashes or eyebrows	L'Oréal
Applicator for applying a product to the eyelashes and/or eyebrows	L'Oréal
Applicators for treating vaginal dryness	Procter & Gamble
Aptamers for personal care applications	Procter & Gamble
Aquaphor	Beiersdorf
Aqueous cosmetic composition comprising alkylcellulose	L'Oréal
Aqueous ink	Kao Corporation
Aqueous liquid cosmetic composition comprising alkylcellulose, non-volatile oils and at least one surfactant	L'Oréal
Aqueous pigment dispersion	Kao Corporation
Aramis (fragrance)	Estée Lauder
Ardbeg	LVMH
Ariel	Procter & Gamble
Arisco	Unilever
Array of sanitary tissue products	Procter & Gamble
Array of wearable articles	Procter & Gamble
Array of wet wipe packages	Procter & Gamble
Article comprising energy curable ink	Procter & Gamble
Article for decorating a person's skin or nail and method using such an article	LVMH
Article of manufacture making system	Procter & Gamble
Article with visual effect	Procter & Gamble
Article with visual effects	Procter & Gamble
Artificial faeces	Procter & Gamble
Artificial intelligence based imaging systems and methods for interacting with individuals via a web environment	Procter & Gamble
Asphalt composition	Kao Corporation
Asphalt composition for road paving	Kao Corporation
Assembly and process for moulding keratin fibres	L'Oréal
Assembly comprising a system for packaging and applying a product, notably a cosmetic product, and device for protecting the said system	L'Oréal
Assembly comprising an airbrush	L'Oréal
Assembly containing at least one dyeing substrate and at least one substrate comprising one or more preservatives, dispensing means, and dyeing proces	L'Oréal
Assembly for packaging and applying a cosmetic product comprising at least one volatile solvent	L'Oréal
Astor	Coty
Atelier Cologne	L'Oréal
Automatic dishwashing composition	Procter & Gamble
Automatic dishwashing detergent composition	Procter & Gamble
Automatic dishwashing detergent composition comprising a protease	Procter & Gamble
Automatic dishwashing method	Procter & Gamble
Aveda	Estée Lauder
Aviance	Unilever
Axe	Unilever
Azzaro Parfums	L'Oréal
Bag in box container	Procter & Gamble
Bead assembly for custom formulation systems	L'Oréal
Beamed elastomeric laminate structure, fit, and texture	Procter & Gamble
BECCA Cosmetics	Estée Lauder
Beiersdorf	Beiersdorf
BeingGirl	Procter & Gamble
Belmond	LVMH
Ben & Jerry's	Unilever
Benefit Cosmetics	LVMH
Berluti	LVMH
Beverage composition	Kao Corporation
Biolage	L'Oréal
Biore	Kao Corporation
Biotherm	L'Oréal
Biphase chemical peel	L'Oréal
Bleach delivery system and method for toilet biofilm disinfection	Clorox
Bleaching trichomes to remove proteins	Procter & Gamble
Blow molding method and apparatus	Estée Lauder
Bobbi Brown	Estée Lauder
Bounty	Procter & Gamble
Bourjois	Coty
Bovril	Unilever
Braun	Procter & Gamble
Bresler	Unilever
Breyers	Unilever
Brooke Bond	Unilever
Brush for applying a cosmetic product to the eyelashes and/or eyebrows, comprising cutouts	L'Oréal
Brush for applying a cosmetic product, related method and kit	L'Oréal
Brush for applying a product to the eyelashes or eyebrows	L'Oréal
Bub	Kao Corporation
Buffered pump system	Procter & Gamble
Bulgari	LVMH
Bulgari Hotel and Residences	LVMH
Bumble and bumble	Estée Lauder
Burt's Bees	Clorox
Cacharel	L'Oréal
Cadum	L'Oréal
Calippo	Unilever
Calvé	Unilever
Capsules	Procter & Gamble
Caraco	Unilever
Carboxylated polyphenol derivatives and their cosmetic use	L'Oréal
Carded staple fiber nonwovens	Procter & Gamble
Carita	L'Oréal
Carol's Daughter	L'Oréal
Cascade	Procter & Gamble
Catalyzed dye system	Estée Lauder
Celine	LVMH
Cell of a brush making device	Procter & Gamble
Cellularline	LVMH
CeraVe	L'Oréal
Challenges	LVMH
Champagne Krug	LVMH
Champagne Mercier	LVMH
Charmin	Procter & Gamble
Chassis design for absorbent article	Procter & Gamble
Chaumet	LVMH
Cheval Blanc Paris	LVMH
Cheval Blanc St-Barth Isle de France	LVMH
Christian Dior Couture	LVMH
Château d'Yquem	LVMH
Château Galoupet	LVMH
CICA	Unilever
Cif	Unilever
Clairol	Procter & Gamble
Clairol	Coty
Clarisonic	L'Oréal
Cleaning article having multi-layer gather strip element	Procter & Gamble
Cleaning article with differential pitch tow tufts	Procter & Gamble
Cleaning article with differential sized tow tufts	Procter & Gamble
Cleaning composition	Procter & Gamble
Cleaning compositions comprising enzymes	Procter & Gamble
Cleaning compositions comprising esteramines and an anionic surfactant	Procter & Gamble
Cleaning implement comprising a modified open-cell foam	Procter & Gamble
Cleaning liquid for aqueous ink comprising an acetylene glycol-based surfactant	Kao Corporation
Cleaning product comprising an inverted container assembly and a viscous cleaning composition	Procter & Gamble
Cleaning sheets having coating thereon	Procter & Gamble
Cleaning system for cosmetic dispensing device	L'Oréal
Clear	Unilever
Clear Clean	Kao Corporation
Clinique Laboratories, LLC	Estée Lauder
Close-Up	Unilever
Closed loop control for injection molding processes	Procter & Gamble
Closure cap for a device for packaging a product, notably a cosmetic product	L'Oréal
Closure cap for packaging a cosmetic product	L'Oréal
Cold atmospheric plasma treatment with chemical or organic compounds to modify the keratinous substrate microbiota	L'Oréal
Colman's	Unilever
Colworth House	Unilever
Comb sensor for measuring combing resistance	Procter & Gamble
Combination of polyion complex particle and non-polymeric acid having two or more acid dissociation constants	L'Oréal
Combination of polyion complex particle and non-polymeric base having two or more dissociation constants	L'Oréal
Comfortable diaper	Procter & Gamble
Compact powder free of surface-treated talc, based on mica, a non-volatile, non-phenyl silicone oil and an amorphous hydrocarbon-based block copolymer	L'Oréal
Compliant anvil	Procter & Gamble
Composite pigment and method for preparing the same	L'Oréal
Composition and process for shaping or altering the shape of hair	L'Oréal
Composition based on an aqueous phase containing a dispersion of an anhydrous composite material	L'Oréal
Composition comprising a combination of an acrylic polymer, a silicone copolymer and an amino acid or amino acid derivative	L'Oréal
Composition comprising a fatty phase, a lipophilic polymer and a volatile hydrocarbon-based oil	L'Oréal
Composition comprising a UV-screening agent, an acrylic polymer and a fatty acid ester of dextrin	L'Oréal
Composition comprising alkylcellulose, incompatible hydrocarbon and silicone oils and method employing it	L'Oréal
Composition comprising an associative thickener	L'Oréal
Composition comprising at least two fatty acid esters of (poly)glycerol, and use thereof in cosmetics	L'Oréal
Composition comprising photonic particles, at least one absorber and at least one surfactant	L'Oréal
Composition comprising resorcinol or derivative thereof	L'Oréal
Composition comprising the combination of specific alkoxysilanes and of a surfactant	L'Oréal
Composition for conditioning keratin fibers	L'Oréal
Composition for dyeing the hair, comprising an oxidation base of para-phenylenediamine type and a 2-amino-5-ethylphenol coupler	L'Oréal
Composition for dyeing the hair, comprising an oxidation base, a 2-amino-5-ethylphenol coupler and a fatty substance	L'Oréal
Composition for enhancing hair fiber properties	Procter & Gamble
Composition for keratin fibers	L'Oréal
Composition for treating keratin fibers comprising an amphoteric or cationic polymer and neutralized fatty acid	L'Oréal
Composition for treating three-dimensional object precursor	Kao Corporation
Composition in the form of nano or micro emulsion or with lamellar structure	L'Oréal
Compositions and kits useful for treatment of respiratory illness	Procter & Gamble
Compositions and methods for altering the color of the hair	L'Oréal
Compositions and methods for application over skin	Shiseido
Compositions and methods for improving the appearance of the hair	L'Oréal
Compositions and methods for improving the appearance of the skin	L'Oréal
Compositions and methods for improving the quality of chemically treated hair	L'Oréal
Compositions comprising alcohol-rich mixtures of alcohol and propylene glycol methyl ethers	L'Oréal
Compositions comprising encapsulates	Procter & Gamble
Compositions comprising solvent, a monoalcohol and glycerin	L'Oréal
Compositions comprising solvent, a monoalcohol, glycerin, and thickener	L'Oréal
Compositions containing an etheramine	Procter & Gamble
Compositions containing polymers, wax, and cationic surfactant for conditioning and styling hair	L'Oréal
Compositions for altering the color of hair	L'Oréal
Compositions for providing a protective barrier	L'Oréal
Compositions for shaping or altering the shape of hair	L'Oréal
Compositions for treating the hair	L'Oréal
Compositions in the form of dissolvable solid structures	Procter & Gamble
Compositions that include siloxane compounds having pendant silyl ether moieties	Procter & Gamble
Compressible and strong fibrous structures	Procter & Gamble
Computer-implemented method, system, and non-transitory computer-readable medium for a digital personal care platform	L'Oréal
Concentrated personal cleansing compositions and methods	Procter & Gamble
Concentrated shampoo dosage of foam designating hair conditioning benefits	Procter & Gamble
Concentrated shampoo dosage of foam designating hair volume benefits	Procter & Gamble
Concentrated shampoo dosage of foam for providing hair care benefits	Procter & Gamble
Conditioning hair care compositions in the form of dissolvable solid structures	Procter & Gamble
Configurable absorbent articles	Procter & Gamble
Configurable absorbent articles having improved bodily exudate separation and sampling	Procter & Gamble
Configurable absorbent articles having improved bodily exudate visualization	Procter & Gamble
Configurable absorbent articles having removable fastening members	Procter & Gamble
Connaissance des arts	LVMH
Connected photo-activatable formulation applicator	L'Oréal
Consumer product comprising a flat package containing unit dose articles	Procter & Gamble
Consumer products and delivery systems utilizing organoleptic compounds	Procter & Gamble
Container	Procter & Gamble
Container	Kao Corporation
Container blanks for flexible packages and methods of making flexible packages	Procter & Gamble
Container filling assembly	Procter & Gamble
Container having coordinated mold part line and longitudinal seam	Procter & Gamble
Container systems with water-soluble pouches comprising a PVOH resin blend	Procter & Gamble
Container with apertured shrink sleeve and related processes	Procter & Gamble
Container-closure system	Estée Lauder
Continental	Unilever
Convolution neural network based landmark tracker	L'Oréal
Coppertone	Beiersdorf
Core-corona polymer particles	Shiseido
Cornetto	Unilever
Cosmetic adhesive compositions	Estée Lauder
Cosmetic and/or dermatological composition containing a merocyanine derivative comprising specific polar groups consisting of hydroxyl- and ether-func	L'Oréal
Cosmetic applicator	L'Oréal
Cosmetic applicator	Shiseido
Cosmetic casing comprising a deformable lateral wall	L'Oréal
Cosmetic composition	L'Oréal
Cosmetic composition comprising a particular combination of surfactants, a silicone, a cationic polymer, a fatty alcohol and a clay	L'Oréal
Cosmetic composition comprising a pullulan derivative	LVMH
Cosmetic composition comprising an anionic surfactant, at least 3.5% by weight of a fatty acid and an antidandruff agent	L'Oréal
Cosmetic composition comprising an organosilane, a cationic surfactant and a cationic polymer having charge density greater than or equal to 4 meq/g	L'Oréal
Cosmetic composition comprising anionic surfactants, amphoteric surfac-tants, cationic polymers and liquid fatty substances chosen from fatty alco-hol	L'Oréal
Cosmetic composition comprising biodegradable polymers	L'Oréal
Cosmetic composition comprising composite sunscreen particles	L'Oréal
Cosmetic composition comprising non-amino polyalkylsiloxanes, oxyethylenated polymers and fatty alcohols	L'Oréal
Cosmetic composition comprising one or more polar oil(s), a C—Caliphatic monoalcohol and a polyol, at least one hydrophilic active agent, and comprisi	L'Oréal
Cosmetic composition for keratin fibers and manufacturing method thereof	L'Oréal
Cosmetic composition for keratin fibres	L'Oréal
Cosmetic composition, cosmetic treatment method, kit, and compound	L'Oréal
Cosmetic compositions capable of forming a multilayer structure after application to a keratinous material	L'Oréal
Cosmetic compositions comprising silicone and hydrocarbon capable of forming a multilayer structure after application to a keratinous material	L'Oréal
Cosmetic compositions comprising silicone capable of forming a multilayer structure after application to a keratinous material	L'Oréal
Cosmetic compositions containing an alkoxysilane and a silsesquioxane resin	L'Oréal
Cosmetic compositions containing oxazoline functionalized polymers and amino silicone compounds	L'Oréal
Cosmetic compositions containing oxazoline functionalized polymers and carboxyl group-containing polymers	L'Oréal
Cosmetic compositions containing oxazoline functionalized polymers and compound having at least one nucleophilic site capable of reacting with the at	L'Oréal
Cosmetic compositions containing oxazoline functionalized polymers and polyamine compounds	L'Oréal
Cosmetic compositions for skin	L'Oréal
Cosmetic compositions providing for a transformative texture	L'Oréal
Cosmetic compositions with a micro-mesh structure	Estée Lauder
Cosmetic container comprising a surface with controllable transparency	Estée Lauder
Cosmetic device for improved transdermal permeation and manufacturing method thereof	L'Oréal
Cosmetic dosing system	Estée Lauder
Cosmetic method for treating human perspiration using particles of an expanded amorphous mineral material	L'Oréal
Cosmetic or dermatological preparation comprising a combination of a dye and an anti-inflammatory active ingredient	Beiersdorf
Cosmetic package including a liquid reservoir	L'Oréal
Cosmetic process for treating keratin fibres, comprising the application of a base composition and a composition comprising a cationic surfactant	L'Oréal
Cosmetic process for treating keratin fibres, comprising the application of a base composition and a composition comprising a polyol	L'Oréal
Cosmetic process for treating keratin fibres, comprising the application of a base composition and of a composition comprising an amino silicone	L'Oréal
Cosmetic product	Shiseido
Cosmetic product applicator and associated application process	L'Oréal
Cosmetic product in the form of a foam and make-up method	LVMH
Cosmetic solid composition comprising a non volatile hydrocarbonated oil, waxes and a high content from non volatile phenylated silicone oil	L'Oréal
Cosmetic sunscreen stick	Beiersdorf
Cosmetic system containing an applicator and a gel composition	L'Oréal
Cosmetic treatment method	L'Oréal
Cosmetic use of species lysate for the treatment of dryness	L'Oréal
Coty SA	Coty
Creating a colorcloud	L'Oréal
Creped fibrous structures	Procter & Gamble
Crest	Procter & Gamble
Crimped fiber spunbond nonwoven webs / laminates	Procter & Gamble
Crimped fiber spunbond nonwoven webs/laminates	Procter & Gamble
Customized augmented reality item filtering system	L'Oréal
Dark & Lovely	L'Oréal
Dawn	Procter & Gamble
DECIEM	Estée Lauder
Deflecting member for making fibrous structures	Procter & Gamble
Degree	Unilever
Delivery of surfactant soluble anti-dandruff agent	Procter & Gamble
Dentifrice compositions comprising tin ions	Procter & Gamble
Dentifrice formulations having spherical stannous compatible silica particles for reduced RDA	Procter & Gamble
Dermablend	L'Oréal
Dermalogica Inc.	Unilever
Dessange	L'Oréal
Detergent composition for textile products	Kao Corporation
Detergent compositions comprising lipases	Procter & Gamble
Detergent compositions having surfactant systems	Procter & Gamble
Deutsche Jurgens-Werke	Unilever
Device for displaying and demonstrating a hair switch	Procter & Gamble
Device for packaging and applying a cosmetic product	L'Oréal
Device for packaging and applying a product, notably a liquid cosmetic product	L'Oréal
Device for preparing a cosmetic composition, set of capsules and associated preparation process	L'Oréal
Device for treating hair	L'Oréal
Device for treating human keratinous material, in particular with the aid of an electric current	L'Oréal
Device for treating the hair	L'Oréal
Device for treating the hair having push-release cartridge locking	L'Oréal
Device, method, and program for visualizing network of blood vessels of skin	Shiseido
DFS Galleria	LVMH
Diaper adapted for collection of uncontaminated and intact stool sample from an infant	Procter & Gamble
Diaper adapted for collection of urine sample from an infant	Procter & Gamble
Diaper product adapted for collection of exudate sample from an infant	Procter & Gamble
Die assembly and methods of using same	Procter & Gamble
Diesel	L'Oréal
Digital makeup artist	L'Oréal
Digital makeup palette	L'Oréal
Dip tube aerosol dispenser with upright actuator	Procter & Gamble
Dip tube connectors and pump systems using the same	Clorox
Discharge container, customized discharge system having discharge container, and discharge control method in discharge container	Shiseido
Discretizer and method of using same	Procter & Gamble
Disinfectant composition	Procter & Gamble
Disinfecting wipes dispenser	Clorox
Dispenser for fluid cosmetic products	L'Oréal
Dispensers with sensors to detect surfaces and surface characteristics	L'Oréal
Dispensing closure with plug sealing and locking lug	Clorox
Disposable absorbent article	Procter & Gamble
Disposable absorbent article comprising a core with multiple laminates	Procter & Gamble
Disposable absorbent article with unitary topsheet and unitary absorbent article	Procter & Gamble
Disposable absorbent articles	Procter & Gamble
Disposable diaper	Kao Corporation
Disposable pull-on diaper	Procter & Gamble
Dissolvable fibrous web structure article comprising active agents	Procter & Gamble
Dollar Shave Club	Unilever
Domestos	Unilever
Dop	L'Oréal
Double R	LVMH
Dove	Unilever
Downy	Procter & Gamble
Dr. Jart+	Estée Lauder
Dreft	Procter & Gamble
Drunk Elephant	Shiseido
Dual dispensing pack	L'Oréal
Durable sunscreen cosmetic	Shiseido
Dye composition based on copolymers derived from the polymerization of at least one crotonic acid monomer or crotonic acid derivative and of at least	L'Oréal
ELAIS	Unilever
Elastomer	Shiseido
Elastomeric laminate with activation thickness	Procter & Gamble
Elastoplast	Beiersdorf
Eldorado	Unilever
Electromagnetic radiation and delivery carrier for oral care	Procter & Gamble
Electromagnetic radiation source and multi-phase oral composition for oral care use	Procter & Gamble
Electrospinning apparatus and system and method thereof	Kao Corporation
Electrospinning devices and systems and methods thereof	Kao Corporation
ELIXIR WHITE	Shiseido
Elizabeth Arden, Inc.	Revlon
Emulsified seasoning	Kao Corporation
Emulsion cosmetic	Shiseido
Emulsion cosmetic containing titanium dioxide powder	Shiseido
Emulsion with matte effects and excellent texture	L'Oréal
End effector with embedded power source	L'Oréal
Energy regenerating end effector, and associated systems and methods	L'Oréal
Enhanced stability of zinc pyrithione in oxidative environments, such as scalp sebaceous fluid	Procter & Gamble
Era	Unilever
Eskimo	Unilever
Essential oil of with a high geraniol content, and use for treating greasy skin and/or the associated aesthetic defects	L'Oréal
Eucerin	Beiersdorf
Extended relief dosage form	Procter & Gamble
Eye makeup removal systems and cosmetic kits	L'Oréal
Fabric care compositions that include a graft copolymer and related methods	Procter & Gamble
Fabric softener composition comprising encapsulated benefit agent	Procter & Gamble
Fabric treatment composition	Kao Corporation
Fabric treatment compositions comprising benefit agent capsules	Procter & Gamble
Fairy	Procter & Gamble
Fast-wetting coform fibrous structures	Procter & Gamble
Fastening systems comprising nonwoven substrates with hooks formed integrally thereon	Procter & Gamble
Febreze	Procter & Gamble
Feed drive mechanism, dispenser including feed drive mechanism, customizing dispensing system including dispenser, and feed drive method in feed drive	Shiseido
Feeding container, discharge device, and customized discharge system	Shiseido
Feminine hygiene article with improved wings	Procter & Gamble
Fendi	LVMH
Fenty	LVMH
Fenty Beauty	LVMH
Fenty Beauty	Coty
Ferrara Candy Company	Procter & Gamble
Fibers of polymer-wax compositions	Procter & Gamble
Fibrous structure-containing articles that exhibit consumer relevant properties	Procter & Gamble
Fibrous structures	Procter & Gamble
Fibrous structures and methods for making same	Procter & Gamble
Fibrous structures comprising a surface care composition and methods for making and using same	Procter & Gamble
Fibrous structures comprising a surface softening composition	Procter & Gamble
Fibrous structures comprising a surfactant	Procter & Gamble
Fibrous structures comprising regions having different micro-CT intensive property values and associated transition slopes	Procter & Gamble
Fibrous structures comprising regions having different solid additive levels	Procter & Gamble
Fibrous structures comprising three or more regions	Procter & Gamble
Fibrous structures comprising trichome compositions and methods for obtaining same	Procter & Gamble
Fibrous structures containing cationic surfactants and soluble acids	Procter & Gamble
Fibrous structures including an active agent and having a graphic printed thereon	Procter & Gamble
Filament for an oral care implement and oral care implement	Procter & Gamble
Filament transportation device	Procter & Gamble
Filaments comprising an active agent nonwoven webs and methods for making same	Procter & Gamble
Film comprising hydrophobized cellulose fibers and oil	Kao Corporation
Films including a water-soluble layer and a vapor-deposited inorganic coating	Procter & Gamble
Films including a water-soluble layer and a vapor-deposited organic coating	Procter & Gamble
Findus	Unilever
Fine hollow protrusion implement	Kao Corporation
Fine mist hard surface cleaning spray	Procter & Gamble
Fine white particles comprising polymer-encapsulated titanium oxide	Kao Corporation
Finger-moldable compositions capable of forming a free-standing coating	L'Oréal
Finished products formed from cutting convolutely wound logs of web materials	Procter & Gamble
Fitne	L'Oréal
Flavor briquet	Clorox
Flexible containers having improved seam and methods of making the same	Procter & Gamble
Flexible package and method of manufacture	Procter & Gamble
Flexible packages with flat panels	Procter & Gamble
Flexible packages with self-folding	Procter & Gamble
Flexible shipping package	Procter & Gamble
Flexible shipping package and method of making	Procter & Gamble
Flexible solid cosmetic composition comprising sulfonate anionic surfactants, fatty esters and fatty alcohols, and cosmetic treatment method	L'Oréal
Floor cleaning article having strips with differential bond pattern	Procter & Gamble
Fluid filling nozzle, apparatus, and method of filling a container with a fluid	Procter & Gamble
Fluid formulation assembly for custom formulation systems	L'Oréal
Foam discharge container	Kao Corporation
Foam discharge device	Kao Corporation
Foam discharger	Kao Corporation
Foamable composition	L'Oréal
Foaming compositions for producing a stable foam and methods for making same	Procter & Gamble
Fofo	Unilever
Folded disposable absorbent articles	Procter & Gamble
Folgers	Procter & Gamble
Food contact surface sanitizing liquid	Clorox
Forming belt for shaped nonwoven	Procter & Gamble
Formula 409	Clorox
Formula delivery appliance	L'Oréal
Formula delivery device	L'Oréal
Formula delivery head	L'Oréal
Fragrance bottle with diffuser	Estée Lauder
Fragrance compositions	Procter & Gamble
Fragrance generation device	Shiseido
Fred Joaillier	LVMH
Frisko	Unilever
FT SHISEIDO	Shiseido
Functionalized siloxane polymers and compositions comprising same	Procter & Gamble
Gain	Procter & Gamble
Garment-facing laminates and methods for making the same	Procter & Gamble
Garnier	L'Oréal
GB Glace	Unilever
Gel-type cosmetic composition with improved staying power	L'Oréal
Gels comprising a hydrophobic material	Procter & Gamble
Gemey Paris	L'Oréal
Generating cold plasma away from skin, and associated systems and methods	L'Oréal
Gentle cleanser compositions	L'Oréal
Gillette	Procter & Gamble
Giorgio Armani	L'Oréal
Givenchy	LVMH
Glad	Clorox
Glenmorangie distillery	LVMH
Glue-free case for a stick product	Estée Lauder
Gold Dust washing powder	Unilever
Good Humor	Unilever
Gravure printing method	Kao Corporation
Grom	Unilever
Groupe Les Echos	LVMH
Guerlain	LVMH
Gurwitch Products	Shiseido
Guy Laroche	L'Oréal
Hair bleaching compositions and methods of use	Estée Lauder
Hair care and conditioning compositions	L'Oréal
Hair care compositions	L'Oréal
Hair care compositions comprising malodor reduction compositions	Procter & Gamble
Hair care compositions comprising thiolactic acid-based ionic liquids or thiolactic acid-based ionic mixtures	L'Oréal
Hair care compositions for calcium chelation	Procter & Gamble
Hair cleaning implement	Procter & Gamble
Hair cleansing composition	L'Oréal
Hair color cartridge and compositions for use in the hair color cartridge	L'Oréal
Hair coloring appliance	L'Oréal
Hair coloring compositions and methods of using the same	L'Oréal
Hair compositions comprising a cationic polymer mixture and providing improved in-use wet feel	Procter & Gamble
Hair compositions comprising a cationic polymer/silicone mixture providing improved in-use wet feel	Procter & Gamble
Hair cosmetic	Kao Corporation
Hair cosmetic compositions containing gums, fatty alcohol, and esters	L'Oréal
Hair cosmetic compositions containing thiol-based compounds and methods for cleansing and treating hair	L'Oréal
Hair dye	Shiseido
Hair dyeing composition comprising an oxidation dye, a scleroglucan gum and a cationic polymer	L'Oréal
Hair dyeing composition comprising an oxidation dye, a scleroglucan gum and an alkaline agent such as an amino acid	L'Oréal
Hair dyeing composition comprising an oxidation dye, a scleroglucan gum and an associative cellulose polymer	L'Oréal
Hair dyeing composition comprising an oxidation dye, a scleroglucan gum, an alcanolamine and a mineral alkaline agent	L'Oréal
Hair dyeing composition comprising an oxidation dye, a scleroglucan gum, and an alkylpolyglycoside	L'Oréal
Hair dyeing method using a dye composition and an oxidizing composition, said compositions comprising a scleroglucan gum	L'Oréal
Hair holder, method for producing said hair holder, and method for using said hair holder	Kao Corporation
Hair shaping process using fatty substances, non-silicone polymers or surfactants	L'Oréal
Hair styling compositions having shear thickening properties	L'Oréal
Hair treatment composition	L'Oréal
Hair treatment compositions and methods for treating hair	L'Oréal
Hair treatment process and system	L'Oréal
Hair treatment process using a composition comprising at least one cationic acrylic copolymer	L'Oréal
Haiter	Kao Corporation
Handheld treatment apparatus with nozzle sealing assembly	Procter & Gamble
Hands-free skin treatment system	L'Oréal
Hard surface cleaners comprising carboxylated fructan	Procter & Gamble
Head & Shoulders	Procter & Gamble
Head for an oral care implement	Procter & Gamble
Head for an oral care implement and oral care implement	Procter & Gamble
Healthya	Kao Corporation
Heartbrand	Unilever
Heated insect trapping device and methods thereof	Procter & Gamble
Helena Rubinstein	L'Oréal
Heliotrop	L'Oréal
Hellmann's and Best Foods	Unilever
Hennessy	LVMH
Hertog	Unilever
Heterogeneous foam materials having a graphic printed thereon	Procter & Gamble
Hidden Valley Ranch Dressing	Clorox
Highly absorbable oral tyrosine formulation	Kao Corporation
Hindustan Unilever	Unilever
Hip-to-side and waist-to-side silhouettes for bikini/low rise brief type disposable absorbent articles and arrays	Procter & Gamble
Hip-to-side silhouettes for boxer brief type disposable absorbent articles and arrays	Procter & Gamble
Hip-to-side silhouettes of adult disposable absorbent articles and arrays	Procter & Gamble
Hot melt adhesive	Procter & Gamble
Hublot	LVMH
Hôtel Heuzé de Vologer	LVMH
I Can't Believe It's Not Butter!	Unilever
Image analysis device, image analysis method, and program	Shiseido
Image processing using a convolutional neural network to track a plurality of objects	L'Oréal
In-line primer printing methods	Kao Corporation
Indirect printing of AGM	Procter & Gamble
Information processing apparatus, client terminal, and program	Shiseido
Information processing apparatus, coating material generator, and computer program	Shiseido
Injection molding of crosslinking polymers	Procter & Gamble
Ink jet recording method	Kao Corporation
Ink set for inkjet recording	Kao Corporation
Inkjet liquid composition	Kao Corporation
Inkjet recording method	Kao Corporation
Inmarko	Unilever
Insect trap device and method of using	Procter & Gamble
INTEGRATE	Shiseido
Inverse simulating a plurality of fibers	Procter & Gamble
Iontophoresis method of delivering vitamin C through the skin and iontophoresis device comprising: an electrode assembly including at least one electr	L'Oréal
IT Cosmetics	L'Oréal
Ivory	Procter & Gamble
Jacquemus Beauty	L'Oréal
Jardin d'Acclimatation	LVMH
Jif	Unilever
Jo Malone London	Estée Lauder
John Knight	Unilever
Joint mechanism of an application device of a cosmetic product, associated device, application method and manufacturing method	L'Oréal
Kalina	Unilever
Kao Corporation	Kao Corporation
Kao Corporation (Germany)	Kao Corporation
Kao Corporation (United States)	Kao Corporation
KC Masterpiece	Clorox
Kenzo	LVMH
Kibon	Unilever
Kiehl's	L'Oréal
Kingsford	Clorox
Kit for producing an assembly for packaging and applying a product, notably a cosmetic product	L'Oréal
Kit for tooth whitening	Procter & Gamble
Klondike bar	Unilever
Knorr	Unilever
Kwality Wall's	Unilever
Kylie Cosmetics	Coty
Kérastase	L'Oréal
L Catterton	LVMH
L'Oreal Baltic	L'Oréal
L'Oréal Paris	L'Oréal
L'Oréal Professionnel	L'Oréal
L'Oréal USA	L'Oréal
La maison LVMH	LVMH
La Provençale	L'Oréal
La Roche-Posay	L'Oréal
La Samaritaine	LVMH
Labello	Beiersdorf
Laminates for absorbent articles and methods of making the same	Procter & Gamble
Lancôme	L'Oréal
LaSCAD	L'Oréal
Laundry care compositions and methods for determining their age	Procter & Gamble
Laundry scent additive	Procter & Gamble
Layered fibrous structures	Procter & Gamble
Le Bon Marché	LVMH
Le Club des Créateurs de Beauté	L'Oréal
Le Labo	Estée Lauder
Le Parisien	LVMH
Leave-on hair styling compositions and methods of use	L'Oréal
Length-to-hip and length-to-waist silhouettes of disposable absorbent articles and arrays	Procter & Gamble
Length-to-side silhouettes for bikini/low rise brief type disposable absorbent articles and arrays	Procter & Gamble
Length-to-side silhouettes for boxer brief/boyshort type disposable absorbent articles and arrays	Procter & Gamble
Length-to-side silhouettes of adult disposable absorbent articles and arrays	Procter & Gamble
Lestoil	Clorox
Leuco colorants as bluing agents in laundry care compositions	Procter & Gamble
Leucoplast	Beiersdorf
Lever Brothers	Unilever
Light absorption layer, dispersion, photoelectric conversion element, solar cell, and method for manufacturing light absorption layer	Kao Corporation
Light therapy devices and systems	L'Oréal
Lip composition in the form of a liquid inverse emulsion	L'Oréal
Lip cosmetic	Shiseido
Lipid mixture of octyldodecanol and hydrogenated rapeseed oil	Beiersdorf
Liquid compositions that include delivery particles	Procter & Gamble
Liquid cosmetic with agar shell capsule	LVMH
Liquid detergent composition	Procter & Gamble
Liquid detergent composition for hard surfaces	Kao Corporation
Liquid detergent composition for textile products comprising an internal olefin sulfonate/organic solvent mixture	Kao Corporation
Liquid detergent compositions comprising alkyl ethoxylated sulfate surfactant	Procter & Gamble
Liquid fabric treatment compositions comprising brightener	Procter & Gamble
Liquid filling system and method of using same	Procter & Gamble
Liquid hand dishwashing cleaning composition	Procter & Gamble
Liquid hand dishwashing cleaning composition with an alkyl alxoxy sulfate having a C13/C12 ratio of 60/40 to 80/20	Procter & Gamble
Liquid hand dishwashing detergent composition	Procter & Gamble
Liquid-Plumr	Clorox
Loewe	LVMH
Logodent	L'Oréal
Logona	L'Oréal
Long wear lip cosmetic system and topcoat	L'Oréal
Long wear skincare compositions	Estée Lauder
Loro Piana	LVMH
Louis Vuitton	LVMH
Low opacity thermoformed container having longitudinal seam	Procter & Gamble
Low shear stress conditioner composition with spherical gel network vesicles	Procter & Gamble
Low surfactant aerosol antidandruff composition	Procter & Gamble
Low-stringiness thickener and cosmetic material admixed with said thickener	Shiseido
Low-VOC cleaning substrates and compositions comprising a quat and solvent mixture	Clorox
Luvs	Procter & Gamble
Lux	Unilever
Lyons Tea	Unilever
L’Oréal Foundation	L'Oréal
Machine image colour extraction and machine image construction using an extracted colour	L'Oréal
Magic	L'Oréal
Magnum	Unilever
Maille	Unilever
Maison Francis Kurkdjian	LVMH
Maison Margiela	L'Oréal
Maizena	Unilever
Make-up Art Cosmetics	Estée Lauder
Makeup applicator having a wiper with multiple wiping elements	L'Oréal
Makeup brush	Shiseido
Makeup process	L'Oréal
Makeup removal mask	L'Oréal
Manually operated dispensing pump	Procter & Gamble
Manufacturing method for liquid seasoning containing oil phase and water phase	Kao Corporation
Marc Jacobs	LVMH
Margarine-Union	Unilever
Mascara applicator	L'Oréal
Mascara composition containing a tetrahydroxypropyl ethylenediamine ester	LVMH
Mascara compositions and methods	L'Oréal
Matrix	L'Oréal
Matt-effect composition comprising hydrophobic aerogel particles and silicone elastomer particles	L'Oréal
Matte nail compositions containing polylactic acid microparticles	L'Oréal
Max Factor	Procter & Gamble
Max Factor	Coty
Maybelline	L'Oréal
Medik8	L'Oréal
Melamine wipes and methods of manufacture	Clorox
Mennen	L'Oréal
Mentadent	Unilever
Method and apparatus for applying a material onto articles using a transfer component	Procter & Gamble
Method and apparatus for applying a material onto articles with a pre-distorted transfer component	Procter & Gamble
Method and apparatus for assembling absorbent articles	Procter & Gamble
Method and apparatus for assembling apertured elastic laminates	Procter & Gamble
Method and apparatus for bonding substrates	Procter & Gamble
Method and apparatus for flexibly assembling packages of absorbent articles	Procter & Gamble
Method and apparatus for making patterned apertured substrates	Procter & Gamble
Method and apparatus for real time control of injection of structural foaming agents, colorants, and other additives	Procter & Gamble
Method and consumer product composition having enzymes for cleaning a surface having soil comprising fatty acid	Procter & Gamble
Method and device for mixing components for manufacturing a customised product	L'Oréal
Method and system for reducing auto-dosing fluctuation of an automatic cleaning machine	Procter & Gamble
Method for deforming a web	Procter & Gamble
Method for determining ultraviolet light sensitivity	Kao Corporation
Method for evaluating condition of skin dryness	Kao Corporation
Method for evaluating protective effect against external damage to skin	Shiseido
Method for fabricating absorbent articles	Procter & Gamble
Method for forming a catalyzed dye system	Estée Lauder
Method for growing plant	Kao Corporation
Method for improving soil	Kao Corporation
Method for making a shaped nonwoven	Procter & Gamble
Method for manufacturing absorbent body	Kao Corporation
Method for manufacturing absorbent body and device for manufacturing absorbent body	Kao Corporation
Method for manufacturing hollow needling implement, device for manufacturing hollow needling implement, and hollow needling implement	Kao Corporation
Method for manufacturing intermediate material for soft packaging container, method for manufacturing soft packaging container, and method for manufac	Kao Corporation
Method for manufacturing white fine particle dispersion	Kao Corporation
Method for moving articles and controlling the position of same	Procter & Gamble
Method for perforating a nonlinear line of weakness	Procter & Gamble
Method for preparing sample for X-ray imaging	Shiseido
Method for producing 3-hydroxy-4-aminobenzoic acid compound	Kao Corporation
Method for producing absorber and method for producing absorbent article	Kao Corporation
Method for producing alpha-allylated cycloalkanone	Kao Corporation
Method for producing aluminum platter	Kao Corporation
Method for producing coating film	Kao Corporation
Method for producing coating film by electrostatic spraying	Kao Corporation
Method for producing coating film on skin by electrostatic spraying	Kao Corporation
Method for producing composition containing hardly water-soluble aromatic compound	Kao Corporation
Method for producing cosmetic coating	Kao Corporation
Method for producing epoxyalkane and solid oxidation catalyst	Kao Corporation
Method for producing film	Kao Corporation
Method for producing microcapsule	Kao Corporation
Method for producing nobiletin-containing solid dispersion	Kao Corporation
Method for producing polymer emulsion for water-resistant coating film	Kao Corporation
Method for producing protein	Kao Corporation
Method for producing solid dispersion containing nobiletin	Kao Corporation
Method for producing wearable coating	Kao Corporation
Method for promoting homologous recombination	Kao Corporation
Method for removing keratotic plugs	Kao Corporation
Method for the treatment of keratin materials using amide C-glycoside derivatives, and cosmetic composition containing same	L'Oréal
Method for treating a surface	Procter & Gamble
Method of defining a treatment area of an applicator for registration with a condition to be treated	Procter & Gamble
Method of demonstrating the effectiveness of a cleaning composition	Procter & Gamble
Method of determining melt flow front travel using injection melt pressure and screw position to generate an output and continuously monitor check rin	Procter & Gamble
Method of filling a container using an assembly of adjustable volume	Procter & Gamble
Method of identifying or evaluating synergistic combinations of actives and compositions containing the same	Procter & Gamble
Method of independently controlling motion of movers along a path	Procter & Gamble
Method of making a brush and brush	Procter & Gamble
Method of making a cleaning composition	Procter & Gamble
Method of making a patterned flexographic printing plate	Procter & Gamble
Method of making article with visual effect	Procter & Gamble
Method of making multi-layer blow molded article with functional, visual, and/or tactile effects	Procter & Gamble
Method of making wearable article comprising elastic belt	Procter & Gamble
Method of perforating a nonlinear line of weakness	Procter & Gamble
Method of producing lipid	Kao Corporation
Method of providing a personalized skin care composition where the composition is mixed with a mixing element that does not contact the ingredients du	Procter & Gamble
Method of treating hair or skin with a personal care composition in a foam form	Procter & Gamble
Methods and apparatuses for assembling elastic laminates with different bond densities for absorbent articles	Procter & Gamble
Methods and apparatuses for making elastomeric laminates	Procter & Gamble
Methods and apparatuses for making elastomeric laminates with elastic strands	Procter & Gamble
Methods and apparatuses for making elastomeric laminates with elastic strands provided with a spin finish	Procter & Gamble
Methods and apparatuses for making elastomeric laminates with elastic strands unwound from beams	Procter & Gamble
Methods and apparatuses for making elastomeric laminates with elastic strands unwound from spools on surface unwinders	Procter & Gamble
Methods and applicators for applying skin-tightening film products	L'Oréal
Methods and compositions for improving hair color fastness and rejuvenating hair color	L'Oréal
Methods and compositions for removing color from color-treated hair	L'Oréal
Methods and systems for precision application of agents to a target surface	Procter & Gamble
Methods and systems for topic detection in natural language communications	Clorox
Methods for determining presence of bluetooth device	L'Oréal
Methods for identifying dendritic pores	Procter & Gamble
Methods for inhibiting conversion of choline to trimethylamine (TMA)	Procter & Gamble
Methods for producing through-fluid bonded nonwoven webs	Procter & Gamble
Methods for screening personal care products	Procter & Gamble
Methods for treating chemically relaxed hair	L'Oréal
Methods of creating soft and lofty nonwoven webs	Procter & Gamble
Methods of forming laminates	Procter & Gamble
Methods of making fibrous structures with shaped polymer particles	Procter & Gamble
Methods of making purified fatty acid compositions	Procter & Gamble
Methods of removing color from color-treated hair	L'Oréal
Methods of using leuco colorants as bluing agents in laundry care compositions	Procter & Gamble
Methods, systems and kits for improving skin appearance and boosting photoprotection	L'Oréal
MG5	Shiseido
Microfluidic delivery device for dispensing and redirecting a fluid composition in the air	Procter & Gamble
Miu Miu	L'Oréal
Mixa	L'Oréal
Mizani	L'Oréal
Moisturizing anhydrous butter balm composition and method	L'Oréal
Mold insert and method of making a mold insert	Procter & Gamble
Molecularly imprinted polymer of sol-gel type for selectively trapping odorous molecules	L'Oréal
Monitoring system for providing both visual and non-visual data	Procter & Gamble
Moscow margarine factory	Unilever
Motion stabilizing device for a cosmetic applicator	L'Oréal
Motor control function improving agent	Kao Corporation
Moët & Chandon	LVMH
Mr. Clean	Procter & Gamble
Mugler Fragrances	L'Oréal
Multi-agent type hair treatment agent	Kao Corporation
Multi-composition product dispenser	Procter & Gamble
Multi-layer blow molded article with functional visual and/or tactile effects	Procter & Gamble
Multi-layer peelable nail polish	L'Oréal
Multi-layer substrates comprising sandwich layers and polyethylene	Clorox
Multi-phase oral care compositions	Procter & Gamble
Multi-phase oral composition	Procter & Gamble
Multi-phase oral composition for tooth whitening	Procter & Gamble
Multi-ply fibrous structures	Procter & Gamble
Multilayer cleaning article with gripping layer and dry surface contact layer	Clorox
Multilayer nanofiber sheet and adhesion method for same	Kao Corporation
Musk-like composition	Kao Corporation
Mutant β-glucosidase	Kao Corporation
Nail composition containing adhesive agent, primary film former and plasticizer	L'Oréal
Nail compositions containing diisononyl 1,2-cyclohexanedicarboxylate	L'Oréal
Nail polish removing composition	L'Oréal
NARS Cosmetics	Shiseido
Narta	L'Oréal
New Chapter	Procter & Gamble
Nickel	L'Oréal
Nivea	Beiersdorf
Nivea Polska	Beiersdorf
Non-drip upside down bottles	Procter & Gamble
Non-dyeing composition comprising a cationic acrylic copolymer and a conditioning agent	L'Oréal
Non-sticky body surface patch	Shiseido
Non-sticky stable composition	L'Oréal
Non-uniform tail sealing and methods thereof	Procter & Gamble
Nonwoven and absorbent articles having the same	Procter & Gamble
Nonwoven fabric	Kao Corporation
Norfolkline	Unilever
Noxzema	Unilever
Nozzle assembly used to manufacture absorbent articles	Procter & Gamble
NYX Professional Makeup	L'Oréal
Oil-based exfoliating cleansing product	Beiersdorf
Oil-in-water emulsified cosmetic	LVMH
Oil-in-water emulsion and cosmetic use thereof	L'Oréal
Oil-in-water emulsion composition	L'Oréal
Oil-in-water emulsion composition, preparation method therefor and product	Shiseido
Oil-in-water type cosmetic composition	Shiseido
Oil-in-water type emulsion cosmetic	Shiseido
Oil-in-water type emulsion solid cosmetic	Shiseido
Olay	Procter & Gamble
Old Spice	Procter & Gamble
Olá	Unilever
Omo	Unilever
OPI Products	Coty
Oral care compositions comprising medium length polyphosphates	Procter & Gamble
Oral care compositions comprising phosphonate and anionic group containing polymers	Procter & Gamble
Oral care compositions comprising phosphono-phosphate and anionic group containing polymers	Procter & Gamble
Oral care compositions comprising stannous ion source, neutral amino acid, and polyphosphate	Procter & Gamble
Oral care compositions comprising tin ions	Procter & Gamble
Oral care compositions containing a gel network phase	Procter & Gamble
Oral care compositions with improved tin compatability	Procter & Gamble
Oral composition	Kao Corporation
Oral plaque dispersion agent	Kao Corporation
Oral-B	Procter & Gamble
Origins Natural Resources, Inc.	Estée Lauder
OUAI	Procter & Gamble
Oversized actuator and actuator assembly for a pressurized plastic vessel	Beiersdorf
Oxidation dyeing process using a substrate bearing at least one oxidation dye, several preservatives and an oxidizing aqueous composition	L'Oréal
Oxidizing composition comprising an oxyalkylenated fatty alcohol and an oxyalyklenated fatty amide	L'Oréal
Oxidizing composition for treating keratin materials, comprising a fatty substance and oxyalkylenated surfactants	L'Oréal
P&G Japan	Procter & Gamble
Package for absorbent articles forming a three-dimensional basin	Procter & Gamble
Package with raised portions	Procter & Gamble
Packaged hair care composition	Procter & Gamble
Packaged personal cleansing product	Procter & Gamble
Packages with raised portions	Procter & Gamble
Packaging	Procter & Gamble
Packaging and distribution assembly for a two-component fluid product	L'Oréal
Packaging apparatus and method for wrapping absorbent paper product	Procter & Gamble
Packaging for sprayable perfume products	Estée Lauder
Packaging service capsule for cosmetic product, and associated packaging device	L'Oréal
Paloma Picasso	L'Oréal
Pampers	Procter & Gamble
Pantene	Procter & Gamble
Pantene India	Procter & Gamble
Paper towel rolls	Procter & Gamble
Parfums Christian Dior	LVMH
Parfums Givenchy	LVMH
Paris Match	LVMH
Particulate fabric care composition	Procter & Gamble
Particulate laundry softening wash additive	Procter & Gamble
Patou	LVMH
Pavillon de Muire	LVMH
Perfluoro-free self-foaming facial cleanser composition	L'Oréal
Personal care composition preservatives level optimization	Procter & Gamble
Personal care compositions and uses	Procter & Gamble
Personal care compositions comprising anti-dandruff agents	Procter & Gamble
Personal care compositions comprising malodor reduction compositions	Procter & Gamble
Personal care compositions comprising shaped abrasive particles	Procter & Gamble
Personal care compositions with two benefit phases	Procter & Gamble
Personal cleansing compositions	Procter & Gamble
Personal cleansing compositions and methods	Procter & Gamble
Pfanni	Unilever
PG Tips	Unilever
Phosphonic ethylenic polymer and cosmetic uses thereof	L'Oréal
Photoprotective composition based on a carboxylic acid ester	L'Oréal
Photoprotective compositions comprising a dibenzoylmethane derivative, a merocyanine compound and a compound capable of accepting the triplet excited	L'Oréal
Photoprotective cosmetic composition and process for obtaining the same	L'Oréal
Photostabilizing compounds, compositions, and methods	Estée Lauder
Pierre Robert	Unilever
Pigment dyeing composition based on a particular acrylic polymer and silicone copolymer	L'Oréal
Pine-Sol	Clorox
Plus 10	Estée Lauder
PN	Shiseido
Polyhydroxylated (1-phenyl-2-phenyl) ethylene derivatives as an anti-ageing and photoprotective agent	L'Oréal
Polymeric capsules	Procter & Gamble
Polypeptide variants	Procter & Gamble
Polysaccharide derivative	Kao Corporation
Pond's Creams	Unilever
Popsicle	Unilever
Porous dissolvable solid structure	Procter & Gamble
Portable automatic air sampling device and method of collecting air samples therefrom	Procter & Gamble
Positively charged toner for electrostatic-image development	Kao Corporation
Powder composition comprising hair direct dyes	Kao Corporation
Prada Beauty	L'Oréal
Pre-loaded floor wipes with improved pickup	Clorox
Pre-moistened cleaning pad	Procter & Gamble
Pre-moistened fibrous structures exhibiting increased capacity	Procter & Gamble
Precision applicator	Procter & Gamble
Preform with valve anti-removal feature	Procter & Gamble
Prescriptives	Estée Lauder
Pressurized plural nested preform assembly and method of manufacture	Procter & Gamble
Process and apparatus for the magnetization of magnetizable materials	Procter & Gamble
Process for dyeing and relaxing curls of keratin fibres, using reducing agents and hair dyes, and associated kit	L'Oréal
Process for dyeing keratin materials using at least one blue, purple or green dye and at least one disulfide, thiol or protected thiol fluorescent dye	L'Oréal
Process for making fibrous structures	Procter & Gamble
Process for manufacturing capsules and associated system	L'Oréal
Process for manufacturing multi-layer substrates comprising sandwich layers and polyethylene	Clorox
Process for preparing a spray-dried laundry detergent particle	Procter & Gamble
Process for producing nonwoven and apparatus suitable therefor	Procter & Gamble
Process for reshaping keratin fibers	L'Oréal
Process for straightening keratin fibres with a heating means and denaturing agents	L'Oréal
Process for stripping keratin fibres using a composition comprising a sulfinic acid derivative and an acidic aqueous composition	L'Oréal
Process for the preparation of active principles on thermal water and compositions comprising them	L'Oréal
Process for treating keratin fibers using a halochromic triarylmethane direct dye, an alkaline revealer and then an acidic eraser	L'Oréal
Process for treating keratin fibres using an aqueous composition comprising a combination of particular alkoxysilanes	L'Oréal
Process for treating keratin fibres with a particular composition and a heating tool	L'Oréal
Process for treating keratin fibres, comprising the application of a composition comprising urea or a derivative thereof, a polyol and an amino silico	L'Oréal
Process for treating keratin substances using a composition comprising a modified photo-dimerizable polymer	L'Oréal
Process of making a water soluble pouch	Procter & Gamble
Procter & Gamble (Belgium)	Procter & Gamble
Procter & Gamble (France)	Procter & Gamble
Procter & Gamble - Rakona	Procter & Gamble
Procter & Gamble Deutschland	Procter & Gamble
Production method for aqueous pigment dispersion	Kao Corporation
Production method for pigment aqueous dispersion	Kao Corporation
Production method for protease of M23A subfamily	Kao Corporation
Production method of filamentous fungus pellet	Kao Corporation
Proudia	Shiseido
Provisioning and recommender systems and methods for generating product-based recommendations for geographically distributed physical stores based on	Procter & Gamble
Pucci	LVMH
Puffs	Procter & Gamble
Pull-opening cap equipped with an air intake	L'Oréal
Pureology	L'Oréal
Radiation curable ink compositions, printed articles, and methods of using the same	Kao Corporation
Radiation curable inkjet ink compositions, printed articles, and thermal inkjet methods of using the same	Kao Corporation
Radox	Unilever
Ralph Lauren	L'Oréal
Reactive surfactant composition for emulsion polymerization	Kao Corporation
Recyclable aerosol dispensers	Procter & Gamble
Recycle friendly and sustainable absorbent articles	Procter & Gamble
Recycling of superabsorbent polymer via hydrothermal microwave processing	Procter & Gamble
Recycling of superabsorbent polymer via UV irradiation in flow system	Procter & Gamble
Recycling of superabsorbent polymer with an extensional flow device	Procter & Gamble
Redken	L'Oréal
Reducing composition for permanently reshaping keratin fibers	L'Oréal
Reduction of tooth staining derived from cationic antibacterials	Procter & Gamble
Reduction of tooth staining derived from cationic antimicrobials	Procter & Gamble
Refill for inserting into a device for treating the hair by pivoting	L'Oréal
Refillable cylindrical cosmetic wipe dispensing system	L'Oréal
Regeneration method of solid catalyst	Procter & Gamble
Remote controller for controlling apparatus by diverting feedback signal from native controller to the remote controller and methods for same	Procter & Gamble
Resin composition for power storage device electrode	Kao Corporation
Resorcinol derivatives for their cosmetic use	L'Oréal
Reusable pump dispenser	Estée Lauder
Rexona	Unilever
Rimowa	LVMH
Rinse-off cleansing compositions	Procter & Gamble
Roger & Gallet	L'Oréal
Roll of toilet tissue comprising a movable surface	Procter & Gamble
Rolled paper product cargo assemblages and method for making rolled paper product cargo assemblages	Procter & Gamble
Rotating cosmetic applicator system	Estée Lauder
Rubber composition	Kao Corporation
Safeguard	Procter & Gamble
Salon sustainability system	L'Oréal
Salt activatable water resistant cosmetic composition	L'Oréal
Sanitary tissue product with a shaped line of weakness	Procter & Gamble
Sanitary tissue products	Procter & Gamble
Sanofi	L'Oréal
Sanoflore	L'Oréal
Sante	L'Oréal
Sealtest Dairy	Unilever
Seamless unitary deflection member for making fibrous structures having increased surface area and process for making same	Procter & Gamble
Secret	Procter & Gamble
Semisolid oral dispersions comprising bleaching agents	Procter & Gamble
Sensing and activity classification for infants	Procter & Gamble
Sensor devices and systems for monitoring the basic needs of an infant	Procter & Gamble
Separated liquid seasoning	Kao Corporation
Sephora	LVMH
Serum-free medium containing PDGF for DS cells	Shiseido
Serums for reducing lipid peroxidation	L'Oréal
Set comprising a makeup product and an applicator	L'Oréal
Seventh Generation Inc.	Unilever
Shampoo bottle with replaceable color cartridges	L'Oréal
Shampoo composition comprising sheet-like microcapsules	Procter & Gamble
Shampoo compositions comprising a chelant	Procter & Gamble
Shaped flexible shipping package and method of making	Procter & Gamble
Shaped nonwoven	Procter & Gamble
Shaped nonwovens that exhibit high visual resolution	Procter & Gamble
Shaping keratin fibres using a sugar	Procter & Gamble
Shaping keratin fibres using oxoethanoic acid and/or derivatives thereof	Procter & Gamble
Shea Moisture	Unilever
Shear-thinning cosmetic composition	Estée Lauder
Sheet for container	Kao Corporation
Sheet material container	Kao Corporation
Shiseido Japan Co., Ltd.	Shiseido
Shiseido Parlour	Shiseido
Shu Uemura	L'Oréal
Silicone compounds comprising a benefit agent moiety	Procter & Gamble
Simple Skincare	Unilever
Singlet oxygen scavenger	Shiseido
Sir Kensington’s	Unilever
SK-II	Procter & Gamble
Skin care brush systems having cleansing agent-infused elements	L'Oréal
Skin care composition	Procter & Gamble
Skin care composition and method of making a skin care composition	L'Oréal
Skin care compositions containing peptide compound and aphanothece sacrum exopolysaccharide extract	Procter & Gamble
Skin cleansing composition	Kao Corporation
Skin cleansing compositions and methods	Procter & Gamble
Skin cleansing compositions comprising color stable abrasive particles	Procter & Gamble
Skin spot evaluation apparatus, skin spot evaluation method and program	Shiseido
Skin-brightening compositions and methods	L'Oréal
Skin-tightening composition	L'Oréal
Skinbetter Science	L'Oréal
Skincare device having optimized dual energy modalities, and associated systems and methods	L'Oréal
SkinCeuticals	L'Oréal
Société des bains de mer de Monaco	LVMH
Solid anhydrous composition for caring for and/or making up keratin materials	L'Oréal
Solid cosmetic composition comprising a fatty acid-based gelling agent and a co-gelling agent	L'Oréal
Soluble material for three-dimensional molding	Kao Corporation
Spatially controllable eductor for managing solid additives and processes using same	Procter & Gamble
SPF-enhanced water-releasing sunscreen composition	L'Oréal
Spouting container	Shiseido
Spray container comprising a detergent composition	Procter & Gamble
Sprayable cleaning composition	Procter & Gamble
Sprayable film forming compositions for improving the performance of topical preparations	Estée Lauder
Stabilized cosmetic compositions	L'Oréal
Stable compact shampoo products with low viscosity and viscosity reducing agent	Procter & Gamble
Still Jennifer Lopez	Coty
Stretch laminate, method of making, and absorbent article	Procter & Gamble
Strong fibrous structures	Procter & Gamble
Structure having nodes and struts	Procter & Gamble
Stylenanda	L'Oréal
Suave	Unilever
Substrates having repeating patterns of apertures for absorbent articles	Procter & Gamble
Sunil	Unilever
Sunlicht Gesellschaft	Unilever
Sunlight	Unilever
Sunsilk	Unilever
Superpila	Procter & Gamble
Supplement for menopause	Procter & Gamble
Surf	Unilever
Surface property measurement method, surface property measurement apparatus, and recording medium	Shiseido
Sustainability resource management system	L'Oréal
Swash	Procter & Gamble
Swiffer	Procter & Gamble
Symmetric azomethine direct dyes, process for their preparation, cosmetic composition comprising at least one such dye and use thereof	L'Oréal
Synergistic anti-inflammatory compositions	Procter & Gamble
Synthélabo	L'Oréal
System and method for additive manufacturing of skin-formulation applicators	L'Oréal
System and method for image processing using deep neural networks	L'Oréal
System and method of lipstick bulktone and application evaluation	L'Oréal
System for applying at least two kinds of liquid onto respective targeted areas of a substrate and method therefor	L'Oréal
System for determining, dispensing, and mixing blended composition for skin treatment	L'Oréal
System for dispensing a cosmetic product	L'Oréal
System for forming a cosmetic composition	L'Oréal
System for generating a custom hair dye formulation	L'Oréal
System, devices, and methods for long lasting lip plumping	L'Oréal
Systems and approaches for autotuning an injection molding machine	Procter & Gamble
Systems and approaches for controlling an injection molding machine	Procter & Gamble
Systems and cosmetic kits for removing makeup from a region of an eye	L'Oréal
Systems and methods for administering light therapy while increasing pain threshold with distraction stimulus	L'Oréal
Systems and methods for autotuning PID control of injection molding machines	Procter & Gamble
Systems and methods for controlling injection molding using predicted cavity pressure	Procter & Gamble
Systems and methods for coupling the operations of an air handling device and a volatile composition dispenser	Procter & Gamble
Systems and methods for generating personalized skincare formulations based on biomarker analysis	L'Oréal
Systems and methods for hair analysis	Procter & Gamble
Systems and methods for hair coverage analysis	Procter & Gamble
Systems and methods for normalizing PID control across injection molding machines	Procter & Gamble
Systems and methods for providing personalized product recommendations using deep learning	L'Oréal
Systems and methods for securely processing environmental exposure information	L'Oréal
Systems and methods for specifying and formulating customized topical agents	Shiseido
Systems and methods for spraying of sanitizing or disinfecting compositions with improved compatibility	Clorox
Systems and methods for virtual facial makeup removal and simulation, fast facial detection and landmark tracking, reduction in input video lag and sh	Shiseido
Systems and methods of applying compositions to webs	Procter & Gamble
TAG Heuer	LVMH
Takami	L'Oréal
Tampax	Procter & Gamble
Tampon and method for making the same	Procter & Gamble
Tampon and method of making	Procter & Gamble
Tazo	Unilever
Techniques for identifying skin color in images having uncontrolled lighting conditions	L'Oréal
tesa SE	Beiersdorf
Textured fibrous structures	Procter & Gamble
Thayers	L'Oréal
The Art of Shaving	Procter & Gamble
The Body Shop	L'Oréal
The Cosmetics Company Store	Estée Lauder
The Gillette Company	Procter & Gamble
The Ordinary	Estée Lauder
The Sign Palace	L'Oréal
Thermal control of hair color-altering compositions	L'Oréal
Thin-film vehicles that stabilize highly reactive active ingredients	L'Oréal
Three-dimensional object precursor treatment composition	Kao Corporation
Three-dimensional substrates and absorbent articles having the same	Procter & Gamble
Tide	Procter & Gamble
Tide Cleaners	Procter & Gamble
Tiffany & Co.	LVMH
Tinted mineral sunscreen compositions	L'Oréal
Tom Ford	Estée Lauder
Toothbrush heads comprising a two-component cleaning element and method for producing the same	Procter & Gamble
Topcoat for basecoat compositions	L'Oréal
Topsheet comprising natural fibers	Procter & Gamble
Topsheet comprising natural fibers with good mechanical strength	Procter & Gamble
Topsheets integrated with heterogenous mass layer	Procter & Gamble
Transfer device and process for making up keratin materials	L'Oréal
Transfer device for making up keratin materials	L'Oréal
Transparent composition and transparent cosmetic	Shiseido
Transparent hair lightening compositions, kits, and methods of use	L'Oréal
Trash bag retaining apparatus	Clorox
Treatment agent composition for textile products	Kao Corporation
Treatment compositions	Procter & Gamble
Treatment compositions comprising a surfactant system and an oligoamine	Procter & Gamble
Treatment compositions comprising low levels of an oligoamine	Procter & Gamble
TRESemmé	Unilever
Two-component cosmetic	Shiseido
Two-phase cosmetic composition comprising a 4-(3-alkoxy-4-hydroxyphenyl)alkyl ketone	L'Oréal
Two-step long-wear cosmetic system	L'Oréal
Tío Rico	Unilever
Ultima II	Revlon
Ultrafine fiber production method	Kao Corporation
Ultrasonic image construction method, ultrasonic image construction apparatus, ultrasonic image construction program, and skin evaluation method	Shiseido
Ultrasonic measurement method, ultrasonic measurement apparatus, and program storage device readable by machine	Shiseido
Unilever (Bydgoszcz)	Unilever
Unilever (Germany)	Unilever
Unilever (Indonesia)	Unilever
Unilever (Netherlands)	Unilever
Unilever (United States)	Unilever
Unilever Australasia	Unilever
Unilever Bangladesh Limited	Unilever
Unilever Foods Innovation Centre	Unilever
Unilever House	Unilever
Unilever Israel	Unilever
Unilever Japan K.K.	Unilever
Unilever Nepal	Unilever
Unilever Pakistan	Unilever
Unilever Philippines	Unilever
Unilever R&D Colworth	Unilever
Unilever Research & Development Port Sunlight Laboratory	Unilever
Unitary deflection member for making fibrous structures having increased surface area and process for making same	Procter & Gamble
Unitary dispensing nozzle for co-injection of two or more liquids and method of using same	Procter & Gamble
Unitary storage layer for disposable absorbent articles	Procter & Gamble
Urban Decay	L'Oréal
Use of 5-oxazolidine-2,4-dione C-glycoside derivatives as moisturizer for the skin	L'Oréal
Use of dihydroisoquinolinium double derivatives for treating keratin materials, compositions and implementation processes	L'Oréal
Use of dihydroisoquinolinium salts for treating keratin materials, compositions and implementation processes	L'Oréal
Use of ester derivative of tryptophan as deodorant and/or perfume agent	L'Oréal
Use of salicylic acid derivatives as prodesquamating active agent	L'Oréal
Use of vanillin derivatives as a preservative, preservation method, compounds, and composition	L'Oréal
Ushuaïa	L'Oréal
Vacuum holder with extensible skirt gasket	Procter & Gamble
Valentino Beauty	L'Oréal
Valentino Beauty	Unilever
Valentino Beauty	Procter & Gamble
Vaporizing and vapor heating assembly and personal care appliances including the same	L'Oréal
vaseline	Unilever
VE-cadherin expression promoting agent and/or integrin α5 expression promoting agent	Shiseido
VEGFC production promoter	Shiseido
Venice Simplon-Orient-Express	LVMH
Vered Hagalil (factory)	Unilever
Veuve Clicquot	LVMH
Vichy	L'Oréal
Vicks	Procter & Gamble
Viktor&Rolf	L'Oréal
Villa Foscarini Rossi	LVMH
Vogue	L'Oréal
Volatile composition cartridge replacement detection	Procter & Gamble
Volatile composition dispenser with increased membrane exposure and volatile composition weight loss	Procter & Gamble
Volumizing and lengthening eyelash coating compositions	L'Oréal
Waist-to-side silhouettes of adult disposable absorbent articles and arrays	Procter & Gamble
Wall's	Unilever
Water resistance sunscreen compositions	L'Oréal
Water-based ink for ink-jet recording	Kao Corporation
Water-in-oil emulsion composition	Kao Corporation
Water-in-oil emulsion containing baicalin, a xanthine base, a vitamin B3, and a polyvalent metal cation salt	L'Oréal
Water-in-oil emulsion cosmetic	Shiseido
Water-in-oil emulsion cosmetics	Shiseido
Water-in-oil type emulsification cosmetic	Shiseido
Water-in-oil type emulsion cosmetic	Shiseido
Water-soluble articles and related processes	Procter & Gamble
Water-soluble multicompartment unit dose article	Procter & Gamble
Water-soluble personal cleansing product and uses	Procter & Gamble
Water-soluble personal cleansing product, uses, methods and kit	Procter & Gamble
Water-soluble unit dose article	Procter & Gamble
Water-soluble unit dose article comprising a solid laundry detergent composition	Procter & Gamble
Water-soluble unit dose article comprising a water-soluble film comprising a polyvinyl alcohol polymer comprising an anionic monomer unit	Procter & Gamble
Water-soluble unit dose article comprising a water-soluble film comprising a water soluble polyvinyl alcohol polymer	Procter & Gamble
Water-soluble unit dose articles comprising enzyme	Procter & Gamble
Watery lotion skin care compositions and methods	Estée Lauder
Wearable article equipped with sensor	Kao Corporation
Wearable article having artwork	Procter & Gamble
Wearable article having elastic belt	Procter & Gamble
Web substrate having optimized emboss design	Procter & Gamble
Weigh-in-motion scale system and method for linear synchronous motor conveyor	Procter & Gamble
Weis	Unilever
Wella	Procter & Gamble
Wella	Coty
Whitening agents for cellulosic substrates	Procter & Gamble
Wilkinson Sword	Procter & Gamble
Wiper for container of cosmetic product	L'Oréal
Wireless measurement of human product interaction	Procter & Gamble
Wireless monitoring system	Procter & Gamble
Youth To The People	L'Oréal
YSL Beauty	L'Oréal
Yuesai	L'Oréal
Zendium	Unilever
Zenith	LVMH
Zwitsal	Unilever
Zzzquil	Procter & Gamble
Élysée Palace	LVMH
